<myroot>
<myelement>
<GsearchResultClass>GwebSearch</GsearchResultClass>
<cacheUrl>http://www.google.com/search?q=cache:4typaM1m6JEJ:www.dailymotion.com</cacheUrl>
<clicktrackUrl>https://www.google.com/url?q=http://www.dailymotion.com/video/x1fqzll_dil-ronda-zain-ali-young-pakistani-singer_music&amp;sa=U&amp;ved=0CAUQFjAAahUKEwj6wo6yt-3IAhWkSXIKHYIQBbQ&amp;client=internal-uds-cse&amp;usg=AFQjCNFlYAyZLb9u-oe1Leg6eU5Mp82EwA</clicktrackUrl>
<content>Mar 9, 2014 &lt;b&gt;...&lt;/b&gt; Dil Ronda &lt;b&gt;ZAIN ALI&lt;/b&gt; YOUNG PAKISTANI SINGER. Repost &amp;middot; Jazba TV ... Dil wich 
rakh k Pyaar ALI de Qari Shahid New 2015 &amp;middot; 05:00&amp;nbsp;...</content>
<contentNoFormatting>Mar 9, 2014 ... Dil Ronda ZAIN ALI YOUNG PAKISTANI SINGER. Repost · Jazba TV ... Dil wich 
rakh k Pyaar ALI de Qari Shahid New 2015 · 05:00 ...</contentNoFormatting>
<formattedUrl>www.dailymotion.com/.../x1fqzll_dil-ronda-&lt;b&gt;zain&lt;/b&gt;-&lt;b&gt;ali&lt;/b&gt;-young-pakistani-singer_ music</formattedUrl>
<title>Dil Ronda &lt;b&gt;ZAIN ALI&lt;/b&gt; YOUNG PAKISTANI SINGER - Video Dailymotion</title>
<titleNoFormatting>Dil Ronda ZAIN ALI YOUNG PAKISTANI SINGER - Video Dailymotion</titleNoFormatting>
<unescapedUrl>http://www.dailymotion.com/video/x1fqzll_dil-ronda-zain-ali-young-pakistani-singer_music</unescapedUrl>
<url>http://www.dailymotion.com/video/x1fqzll_dil-ronda-zain-ali-young-pakistani-singer_music</url>
<visibleUrl>www.dailymotion.com</visibleUrl>
<richSnippet>
<videoobject>
<name>Dil Ronda ZAIN ALI YOUNG PAKISTANI SINGER</name>
<description>Dil Ronda ZAIN ALI YOUNG PAKISTANI SINGER</description>
<url>http://www.dailymotion.com/video/x1fqzll_dil-ronda-zain-ali-young-pakistani-singer_music</url>
<caption>Dil Ronda ZAIN ALI YOUNG PAKISTANI SINGER</caption>
<videoquality>SD 384p</videoquality>
<duration>PT7M45S</duration>
<embedurl>http://www.dailymotion.com/swf/video/x1fqzll</embedurl>
<encodingformat>http://www.dailymotion.com/video/mp4</encodingformat>
<width>1000</width>
<height>564</height>
<isfamilyfriendly>true</isfamilyfriendly>
<uploaddate>2014-03-09T17:04:03+01:00</uploaddate>
<datecreated>2014-03-09T17:04:03+01:00</datecreated>
<requiressubscription>false</requiressubscription>
<playertype>HTML5 Flash</playertype>
<regionsallowed>AD,AE,AF,AG,AI,AL,AM,AO,AQ,AR,AS,AT,AU,AW,AX,AZ,BA,BB,BD,BE,BF,BG,BH,BI,BJ,BL,BM,BN,BO,BQ,BR,BS,BT,BV,BW,BY,BZ,CA,CC,CD,CF,CG,CH,CI,CK,CL,CM,CN,CO,CR,CU,CV,CW,CX,CY,CZ,DE,DJ,DK,DM,DO,DZ,EC,EE,EG,EH...</regionsallowed>
<contenturl>http://www.dailymotion.com/crawler/video/x1fqzll_dil-ronda-zain-ali-young-pakistani-singer_music</contenturl>
<thumbnailurl>http://s1.dmcdn.net/D2SDD/1280x720-ZWK.jpg</thumbnailurl>
<inlanguage>http://www.dailymotion.com/video/en</inlanguage>
<interactioncount>UserPlays:23,803</interactioncount>
</videoobject>
<person>
<url>http://www.dailymotion.com/jazbatv</url>
<name>jazbatv</name>
</person>
<organization>
<name>Dailymotion</name>
<logo>http://www.dailymotion.com</logo>
<url>http://static1.dmcdn.net/images/header/logo_dailymotion.png.v28e694cd21698f709</url>
</organization>
<searchaction>
<target>http://www.dailymotion.com/gb/relevance/universal/search/{search}/1</target>
<queryInput>name=search required value</queryInput>
</searchaction>
<mediaobject>
<myelement>
<url>06:30 zain ali pakistani song -SONU KALSI by Jazba TV 16,836 views</url>
<name>zain ali pakistani song -SONU KALSI</name>
</myelement>
<myelement>
<url>06:57 maa song zain ali by Jazba TV 27,227 views</url>
<name>maa song zain ali</name>
</myelement>
<myelement>
<url>06:24 &quot; Koi Mere Dil Da Haal Na Jaane O Rabba &quot; | Pakistani Famous Classical singer Rahat Fateh Ali Khan | Sad Song by K Records 6,959 views</url>
<name>&quot; Koi Mere Dil Da Haal Na Jaane O Rabba &quot; | Pakistani Famous Classical singer Rahat Fateh Ali Khan | Sad Song</name>
</myelement>
<myelement>
<url>02:48 Tumhe Dil Lagi Most Talented Young Pakistani Singer by Pakistan Bulletin 284 views</url>
<name>Tumhe Dil Lagi Most Talented Young Pakistani Singer</name>
</myelement>
<myelement>
<url>05:21 &quot;Dil Toh Baccha Hai Ji&quot; | Pakistani Pop Singer Rahat Fateh Ali khan | Romantic Song by K Records 483 views</url>
<name>&quot;Dil Toh Baccha Hai Ji&quot; | Pakistani Pop Singer Rahat Fateh Ali khan | Romantic Song</name>
</myelement>
<myelement>
<url>03:59 Mola Dil badal de By Ali Haider ,New Naat, ali haider naat, Pakistani singer ali haider - YouTube by Qasim78979 25,523 views</url>
<name>Mola Dil badal de By Ali Haider ,New Naat, ali haider naat, Pakistani singer ali haider - YouTube</name>
</myelement>
<myelement>
<url>06:37 &quot;Koi Mere Dil Da Haal Na Jaane&quot; | Pakistani famous Drama Heer Ranjha | Sad Song by K Records 2,888 views</url>
<name>&quot;Koi Mere Dil Da Haal Na Jaane&quot; | Pakistani famous Drama Heer Ranjha | Sad Song</name>
</myelement>
<myelement>
<url>05:27 Dil wich vesna, Vey Rena aankhian tu duur tu, rova mei vee ronda tu zaroor - Singer Rahi Pakistani Urdu Hindi Song ~ Punjabi by S.G.A 7,157 views</url>
<name>Dil wich vesna, Vey Rena aankhian tu duur tu, rova mei vee ronda tu zaroor - Singer Rahi Pakistani Urdu Hindi Song ~ Punjabi</name>
</myelement>
<myelement>
<url>03:59 Mola Dil badal de By Ali Haider ,New Naat, ali haider naat, Pakistani singer ali haider - YouTube by Waqar Uddin 522 views</url>
<name>Mola Dil badal de By Ali Haider ,New Naat, ali haider naat, Pakistani singer ali haider - YouTube</name>
</myelement>
<myelement>
<url>03:59 Mola Dil badal de By Ali Haider ,New Naat, ali haider naat, Pakistani singer ali haider.flv - YouTube by haq_bahu 29,412 views</url>
<name>Mola Dil badal de By Ali Haider ,New Naat, ali haider naat, Pakistani singer ali haider.flv - YouTube</name>
</myelement>
<myelement>
<url>04:00 dil ley kay na dil terpana, chelay na kahie jana , na aae ga krar sajna ..Naghma and Muhammad Ali SInger: Mala Pakistani Urdu Hindi Songs by S.G.A 3,092 views</url>
<name>dil ley kay na dil terpana, chelay na kahie jana , na aae ga krar sajna ..Naghma and Muhammad Ali SInger: Mala Pakistani Urdu Hindi Songs</name>
</myelement>
<myelement>
<url>05:57 Dil se dil takrane de o janam, Babra Sharif Faisal , Singer Rajab Ali, Mehnaz MISS COLOMBO 1986 PAKISTANI URDU HINDI SONG by S.G.A 4,493 views</url>
<name>Dil se dil takrane de o janam, Babra Sharif Faisal , Singer Rajab Ali, Mehnaz MISS COLOMBO 1986 PAKISTANI URDU HINDI SONG</name>
</myelement>
<myelement>
<url>02:45 Aaj mousam hai bera suhana , mushkil hai aaj dil ko bechana ,, Muhammad Ali and Shabnam Singer Mehdi Hassan Pakistani Urdu Song by S.G.A 1,588 views</url>
<name>Aaj mousam hai bera suhana , mushkil hai aaj dil ko bechana ,, Muhammad Ali and Shabnam Singer Mehdi Hassan Pakistani Urdu Song</name>
</myelement>
<myelement>
<url>04:12 tu jahan kahie be jaye mera pyar yaad rekhna meray dil mie bus rehi hai teri khashboo~~ Zeba and Muhammad Ali ,SInger Noor Jahan, Film INSAAN AUR ADMI Pakistani Urdu Hindi Songs by S.G.A...</url>
<name>tu jahan kahie be jaye mera pyar yaad rekhna meray dil mie bus rehi hai teri khashboo~~ Zeba and Muhammad Ali ,SInger Noor Jahan, Film INSAAN AUR ADMI Pakistani Urdu Hindi Songs</name>
</myelement>
<myelement>
<url>05:08 Salam e Muhabat bera khoobsurt bera dil ruba~ Zeba &amp; Muhammad Ali~Singer Noor Jahan ~ Pakistani Urdu Hindi Songs by S.G.A 10,316 views</url>
<name>Salam e Muhabat bera khoobsurt bera dil ruba~ Zeba &amp; Muhammad Ali~Singer Noor Jahan ~ Pakistani Urdu Hindi Songs</name>
</myelement>
<myelement>
<url>04:50 dil mei to muhabat hai lekin, kehatay huay keu shermaatay ho. Zeba and Muhammad Ali Singer Mehdi Hassan Pakistani Urdu Hindi Song by S.G.A 3,842 views</url>
<name>dil mei to muhabat hai lekin, kehatay huay keu shermaatay ho. Zeba and Muhammad Ali Singer Mehdi Hassan Pakistani Urdu Hindi Song</name>
</myelement>
<myelement>
<url>03:58 Laapata - Zaain by Zaain Ul Abideen 10,552 views</url>
<name>Laapata - Zaain</name>
</myelement>
<myelement>
<url>09:04 Wo Dil Hi Kya Tere Milne Ki Jo Dua Na Kare Singer Rajab Ali by tv786 2,697 views</url>
<name>Wo Dil Hi Kya Tere Milne Ki Jo Dua Na Kare Singer Rajab Ali</name>
</myelement>
</mediaobject>
<usercomments>
<commenttext>dil ko sho janya wala song</commenttext>
</usercomments>
<website>
<url>http://www.dailymotion.com/gb</url>
</website>
<cseImage>
<src>http://s1.dmcdn.net/D2SDD/526x297-vp_.jpg</src>
<type>1</type>
<width>299</width>
<height>169</height>
</cseImage>
<metatags>
<language>en</language>
<fbAppId>96937694899</fbAppId>
<yKey>a87a0d996fe5f70f</yKey>
<msvalidate01>42E38E6C5CF3C253563039FCD6F3F775</msvalidate01>
<viewport>initial-scale=1,user-scalable=no,maximum-scale=1,width=device-width</viewport>
<author>Jazba TV</author>
<ogTitle>Dil Ronda   ZAIN ALI YOUNG PAKISTANI SINGER - Video Dailymotion</ogTitle>
<ogVideoType>application/x-shockwave-flash</ogVideoType>
<ogVideo>http://www.dailymotion.com/swf/video/x1fqzll?autoPlay=1</ogVideo>
<ogVideoWidth>640</ogVideoWidth>
<ogVideoHeight>360</ogVideoHeight>
<ogUrl>http://www.dailymotion.com/video/x1fqzll_dil-ronda-zain-ali-young-pakistani-singer_music</ogUrl>
<ogSiteName>Dailymotion</ogSiteName>
<ogType>video</ogType>
<ogImage>http://s1.dmcdn.net/D2SDD/526x297-vp_.jpg</ogImage>
<ogImageSecureUrl>https://s1-ssl.dmcdn.net/D2SDD/526x297-vp_.jpg</ogImageSecureUrl>
<ogImageType>image/jpg</ogImageType>
<ogImageWidth>526</ogImageWidth>
<ogImageHeight>297</ogImageHeight>
<ogDescription>Dil Ronda  ZAIN ALI YOUNG PAKISTANI SINGER</ogDescription>
<videoDuration>465</videoDuration>
<videoDirector>http://www.dailymotion.com/jazbatv</videoDirector>
<videoReleaseDate>2014-03-09T17:04:03+01:00</videoReleaseDate>
<alIosUrl>dailymotion://video/x1fqzll</alIosUrl>
<alIosAppStoreId>336978041</alIosAppStoreId>
<alIosAppName>Dailymotion</alIosAppName>
<alAndroidUrl>dailymotion://video/x1fqzll</alAndroidUrl>
<alAndroidPackage>com.dailymotion.dailymotion</alAndroidPackage>
<alAndroidAppName>Dailymotion</alAndroidAppName>
<medium>video</medium>
<videoType>application/x-shockwave-flash</videoType>
<videoHeight>564</videoHeight>
<videoWidth>1000</videoWidth>
</metatags>
<imageobject>
<url>http://s1.dmcdn.net/D2SDD/1280x720-ZWK.jpg</url>
<width>1280</width>
<height>720</height>
</imageobject>
<thing>
<name>Music</name>
</thing>
</richSnippet>
</myelement>
<myelement>
<GsearchResultClass>GwebSearch</GsearchResultClass>
<cacheUrl>http://www.google.com/search?q=cache:Hg1H_1rBkPAJ:twitter.com</cacheUrl>
<clicktrackUrl>https://www.google.com/url?q=https://twitter.com/zainali&amp;sa=U&amp;ved=0CAcQFjABahUKEwj6wo6yt-3IAhWkSXIKHYIQBbQ&amp;client=internal-uds-cse&amp;usg=AFQjCNEBNv73bYVxKKrSOgAjBBG9FOcvKw</clicktrackUrl>
<content>2944 tweets • 508 photos/videos • 11.7K followers. &amp;quot;Do you wanna play a game? 
#halloween #jigsaw #sawpuppet https://t.co/SRLjhse0kF&amp;quot;</content>
<contentNoFormatting>2944 tweets • 508 photos/videos • 11.7K followers. &quot;Do you wanna play a game? 
#halloween #jigsaw #sawpuppet https://t.co/SRLjhse0kF&quot;</contentNoFormatting>
<formattedUrl>https://twitter.com/&lt;b&gt;zainali&lt;/b&gt;</formattedUrl>
<title>zain (@&lt;b&gt;zainali&lt;/b&gt;) | Twitter</title>
<titleNoFormatting>zain (@zainali) | Twitter</titleNoFormatting>
<unescapedUrl>https://twitter.com/zainali</unescapedUrl>
<url>https://twitter.com/zainali</url>
<visibleUrl>twitter.com</visibleUrl>
<richSnippet>
<cseImage>
<src>https://pbs.twimg.com/profile_images/628024962029215744/D2SBoHpO_400x400.jpg</src>
<type>1</type>
<width>225</width>
<height>225</height>
</cseImage>
<metatags>
<msapplicationTileimage>//abs.twimg.com/favicons/win8-tile-144.png</msapplicationTileimage>
<msapplicationTilecolor>#00aced</msapplicationTilecolor>
<swiftPageName>profile</swiftPageName>
</metatags>
</richSnippet>
</myelement>
<myelement>
<GsearchResultClass>GwebSearch</GsearchResultClass>
<cacheUrl>http://www.google.com/search?q=cache:10_xngAB9-0J:www.dailymotion.com</cacheUrl>
<clicktrackUrl>https://www.google.com/url?q=http://www.dailymotion.com/video/x1fqy51_maa-song-zain-ali_music&amp;sa=U&amp;ved=0CAoQFjACahUKEwj6wo6yt-3IAhWkSXIKHYIQBbQ&amp;client=internal-uds-cse&amp;usg=AFQjCNFuF_HV0z80Tl1Oew5aTVpdx9bggA</clicktrackUrl>
<content>Sep 3, 2014 &lt;b&gt;...&lt;/b&gt; maa song &lt;b&gt;zain ali&lt;/b&gt;. ... Dil Ronda &lt;b&gt;ZAIN ALI&lt;/b&gt; YOUNG PAKISTANI SINGER. by Jazba 
TV .... Dil wich rakh k Pyaar ALI de Qari Shahid New 2015.</content>
<contentNoFormatting>Sep 3, 2014 ... maa song zain ali. ... Dil Ronda ZAIN ALI YOUNG PAKISTANI SINGER. by Jazba 
TV .... Dil wich rakh k Pyaar ALI de Qari Shahid New 2015.</contentNoFormatting>
<formattedUrl>www.dailymotion.com/video/x1fqy51_maa-song-&lt;b&gt;zain&lt;/b&gt;-&lt;b&gt;ali&lt;/b&gt;_music</formattedUrl>
<title>maa song &lt;b&gt;zain ali&lt;/b&gt; - Video Dailymotion</title>
<titleNoFormatting>maa song zain ali - Video Dailymotion</titleNoFormatting>
<unescapedUrl>http://www.dailymotion.com/video/x1fqy51_maa-song-zain-ali_music</unescapedUrl>
<url>http://www.dailymotion.com/video/x1fqy51_maa-song-zain-ali_music</url>
<visibleUrl>www.dailymotion.com</visibleUrl>
<richSnippet>
<videoobject>
<name>maa song zain ali</name>
<description>maa song zain ali</description>
<url>http://www.dailymotion.com/video/x1fqy51_maa-song-zain-ali_music</url>
<caption>maa song zain ali</caption>
<videoquality>SD 384p</videoquality>
<duration>PT6M57S</duration>
<embedurl>http://www.dailymotion.com/swf/video/x1fqy51</embedurl>
<encodingformat>http://www.dailymotion.com/video/mp4</encodingformat>
<width>1000</width>
<height>564</height>
<isfamilyfriendly>true</isfamilyfriendly>
<uploaddate>2014-03-09T16:58:02+01:00</uploaddate>
<datecreated>2014-03-09T16:58:02+01:00</datecreated>
<requiressubscription>false</requiressubscription>
<playertype>HTML5 Flash</playertype>
<regionsallowed>AD,AE,AF,AG,AI,AL,AM,AO,AQ,AR,AS,AT,AU,AW,AX,AZ,BA,BB,BD,BE,BF,BG,BH,BI,BJ,BL,BM,BN,BO,BQ,BR,BS,BT,BV,BW,BY,BZ,CA,CC,CD,CF,CG,CH,CI,CK,CL,CM,CN,CO,CR,CU,CV,CW,CX,CY,CZ,DE,DJ,DK,DM,DO,DZ,EC,EE,EG,EH...</regionsallowed>
<contenturl>http://www.dailymotion.com/crawler/video/x1fqy51_maa-song-zain-ali_music</contenturl>
<thumbnailurl>http://s2.dmcdn.net/D2R6t/1280x720-uWo.jpg</thumbnailurl>
<inlanguage>http://www.dailymotion.com/video/en</inlanguage>
<interactioncount>UserPlays:27,225</interactioncount>
</videoobject>
<person>
<url>http://www.dailymotion.com/jazbatv</url>
<name>jazbatv</name>
</person>
<organization>
<name>Dailymotion</name>
<logo>http://www.dailymotion.com</logo>
<url>http://static1.dmcdn.net/images/header/logo_dailymotion.png.v28e694cd21698f709</url>
</organization>
<searchaction>
<target>http://www.dailymotion.com/gb/relevance/universal/search/{search}/1</target>
<queryInput>name=search required value</queryInput>
</searchaction>
<mediaobject>
<myelement>
<url>07:45 Dil Ronda ZAIN ALI YOUNG PAKISTANI SINGER by Jazba TV 23,800 views</url>
<name>Dil Ronda ZAIN ALI YOUNG PAKISTANI SINGER</name>
</myelement>
<myelement>
<url>06:30 zain ali pakistani song -SONU KALSI by Jazba TV 16,836 views</url>
<name>zain ali pakistani song -SONU KALSI</name>
</myelement>
<myelement>
<url>05:21 Mere Aakha Chamkao Qismat Ka Tara Sar Se Gummaz ka karlo Nazzara by Jazba TV 19 views</url>
<name>Mere Aakha Chamkao Qismat Ka Tara Sar Se Gummaz ka karlo Nazzara</name>
</myelement>
<myelement>
<url>06:24 &quot; Koi Mere Dil Da Haal Na Jaane O Rabba &quot; | Pakistani Famous Classical singer Rahat Fateh Ali Khan | Sad Song by K Records 6,950 views</url>
<name>&quot; Koi Mere Dil Da Haal Na Jaane O Rabba &quot; | Pakistani Famous Classical singer Rahat Fateh Ali Khan | Sad Song</name>
</myelement>
<myelement>
<url>00:21 لڑکیاں زیادہ نمبر کیسے لیتی ہیں ، زرہ وڈیو دیکھیں by Press Videos 1,237,468 views</url>
<name>لڑکیاں زیادہ نمبر کیسے لیتی ہیں ، زرہ وڈیو دیکھیں</name>
</myelement>
<myelement>
<url>09:34 maa zahara zainab as by bawa zain shah by Sooper Sam 12,848 views</url>
<name>maa zahara zainab as by bawa zain shah</name>
</myelement>
<myelement>
<url>06:57 maa song zain ali by Pak India TV 910 views</url>
<name>maa song zain ali</name>
</myelement>
<myelement>
<url>06:57 maa song zain ali - Sariki Songs by DeVil 4,105 views</url>
<name>maa song zain ali - Sariki Songs</name>
</myelement>
<myelement>
<url>04:13 Zain Ali Khan - Charkha - Official Video by Digital Entertainment World 5,664 views</url>
<name>Zain Ali Khan - Charkha - Official Video</name>
</myelement>
<myelement>
<url>04:39 Teri Mehek by Zain Ali by Zain Ali 7,910 views</url>
<name>Teri Mehek by Zain Ali</name>
</myelement>
<myelement>
<url>07:38 ALI ALVI URF DARE DEVIL URF ZAIN KI MAA CHUD KE FARAR by Яо Яо 269 views</url>
<name>ALI ALVI URF DARE DEVIL URF ZAIN KI MAA CHUD KE FARAR</name>
</myelement>
<myelement>
<url>06:57 maa song zain ali - YouTube by Shaheen Masti 2,589 views</url>
<name>maa song zain ali - YouTube</name>
</myelement>
<myelement>
<url>02:42 Chaahat (ft. Rahat Fateh Ali Khan) by Zain Gee by zainbwn 2,063 views</url>
<name>Chaahat (ft. Rahat Fateh Ali Khan) by Zain Gee</name>
</myelement>
<myelement>
<url>55:26 Allama Ali Nasir Talhara 1436 Imamt aur Shahadat Imam Zain Ul Abideen Uk by Qaiser Anwar Kazmi 2,651 views</url>
<name>Allama Ali Nasir Talhara 1436 Imamt aur Shahadat Imam Zain Ul Abideen Uk</name>
</myelement>
<myelement>
<url>04:27 Allah Knows by Zain Bhikha&amp;Dawoud Ali by حفيد الصحابة Saif Al-Islam Omar 902 views</url>
<name>Allah Knows by Zain Bhikha&amp;Dawoud Ali</name>
</myelement>
<myelement>
<url>04:50 Aaj rang hai re maa .Sarfraz Ali Iftikhar Ali. Qawwali by ALI AKBAR (0300-8790060) by Qawwali mix 4,504 views</url>
<name>Aaj rang hai re maa .Sarfraz Ali Iftikhar Ali. Qawwali by ALI AKBAR (0300-8790060)</name>
</myelement>
<myelement>
<url>07:44 Zil-e-Raza: Qasedah-e-Imam Zain-ul-Abideen by Markaz-E-Uloom E-Islamia 1,548 views</url>
<name>Zil-e-Raza: Qasedah-e-Imam Zain-ul-Abideen</name>
</myelement>
<myelement>
<url>00:07 Mere Paas Maa Hai! ( Zaid Ali Video )Video 63 by Popular Videos Tube 821 views</url>
<name>Mere Paas Maa Hai! ( Zaid Ali Video )Video 63</name>
</myelement>
</mediaobject>
<usercomments>
<myelement>
<commenttext>i like you very much</commenttext>
</myelement>
<myelement>
<commenttext>very nice song.</commenttext>
</myelement>
</usercomments>
<website>
<url>http://www.dailymotion.com/gb</url>
</website>
<cseImage>
<src>http://s2.dmcdn.net/D2R6t/526x297-D0I.jpg</src>
<type>1</type>
<width>299</width>
<height>169</height>
</cseImage>
<metatags>
<language>en</language>
<fbAppId>96937694899</fbAppId>
<yKey>a87a0d996fe5f70f</yKey>
<msvalidate01>42E38E6C5CF3C253563039FCD6F3F775</msvalidate01>
<viewport>initial-scale=1,user-scalable=no,maximum-scale=1,width=device-width</viewport>
<author>Jazba TV</author>
<ogTitle>maa song zain ali - Video Dailymotion</ogTitle>
<ogVideoType>application/x-shockwave-flash</ogVideoType>
<ogVideo>http://www.dailymotion.com/swf/video/x1fqy51?autoPlay=1</ogVideo>
<ogVideoWidth>640</ogVideoWidth>
<ogVideoHeight>360</ogVideoHeight>
<ogUrl>http://www.dailymotion.com/video/x1fqy51_maa-song-zain-ali_music</ogUrl>
<ogSiteName>Dailymotion</ogSiteName>
<ogType>video</ogType>
<ogImage>http://s2.dmcdn.net/D2R6t/526x297-D0I.jpg</ogImage>
<ogImageSecureUrl>https://s2-ssl.dmcdn.net/D2R6t/526x297-D0I.jpg</ogImageSecureUrl>
<ogImageType>image/jpg</ogImageType>
<ogImageWidth>526</ogImageWidth>
<ogImageHeight>297</ogImageHeight>
<ogDescription>maa song zain ali</ogDescription>
<videoDuration>417</videoDuration>
<videoDirector>http://www.dailymotion.com/jazbatv</videoDirector>
<videoReleaseDate>2014-03-09T16:58:02+01:00</videoReleaseDate>
<alIosUrl>dailymotion://video/x1fqy51</alIosUrl>
<alIosAppStoreId>336978041</alIosAppStoreId>
<alIosAppName>Dailymotion</alIosAppName>
<alAndroidUrl>dailymotion://video/x1fqy51</alAndroidUrl>
<alAndroidPackage>com.dailymotion.dailymotion</alAndroidPackage>
<alAndroidAppName>Dailymotion</alAndroidAppName>
<medium>video</medium>
<videoType>application/x-shockwave-flash</videoType>
<videoHeight>564</videoHeight>
<videoWidth>1000</videoWidth>
</metatags>
<imageobject>
<url>http://s2.dmcdn.net/D2R6t/1280x720-uWo.jpg</url>
<width>1280</width>
<height>720</height>
</imageobject>
<thing>
<name>Music</name>
</thing>
</richSnippet>
</myelement>
<myelement>
<GsearchResultClass>GwebSearch</GsearchResultClass>
<cacheUrl>http://www.google.com/search?q=cache:X_s9Qx2K550J:www.facebook.com</cacheUrl>
<clicktrackUrl>https://www.google.com/url?q=https://www.facebook.com/public/Zain-Ali&amp;sa=U&amp;ved=0CAwQFjADahUKEwj6wo6yt-3IAhWkSXIKHYIQBbQ&amp;client=internal-uds-cse&amp;usg=AFQjCNEUk-SqHfEaG2Pyx-XtojkGOhfofw</clicktrackUrl>
<content>View the profiles of people named &lt;b&gt;Zain Ali&lt;/b&gt; on Facebook. Join Facebook to 
connect with &lt;b&gt;Zain Ali&lt;/b&gt; and others you may know. Facebook gives people the 
power...</content>
<contentNoFormatting>View the profiles of people named Zain Ali on Facebook. Join Facebook to 
connect with Zain Ali and others you may know. Facebook gives people the 
power...</contentNoFormatting>
<formattedUrl>https://www.facebook.com/public/&lt;b&gt;Zain&lt;/b&gt;-&lt;b&gt;Ali&lt;/b&gt;</formattedUrl>
<title>&lt;b&gt;Zain Ali&lt;/b&gt; Profiles | Facebook</title>
<titleNoFormatting>Zain Ali Profiles | Facebook</titleNoFormatting>
<unescapedUrl>https://www.facebook.com/public/Zain-Ali</unescapedUrl>
<url>https://www.facebook.com/public/Zain-Ali</url>
<visibleUrl>www.facebook.com</visibleUrl>
<richSnippet>
<metatags>
<referrer>default</referrer>
</metatags>
</richSnippet>
</myelement>
<myelement>
<GsearchResultClass>GwebSearch</GsearchResultClass>
<cacheUrl>http://www.google.com/search?q=cache:WaCoRm7Gp3MJ:www.dailymotion.com</cacheUrl>
<clicktrackUrl>https://www.google.com/url?q=http://www.dailymotion.com/video/x1fqz1f_zain-ali-pakistani-song-sonu-kalsi_music&amp;sa=U&amp;ved=0CA8QFjAEahUKEwj6wo6yt-3IAhWkSXIKHYIQBbQ&amp;client=internal-uds-cse&amp;usg=AFQjCNFwfo3k_rvvBlvBWQ5Nvzn-7kXchA</clicktrackUrl>
<content>Mar 9, 2014 &lt;b&gt;...&lt;/b&gt; &lt;b&gt;zain ali&lt;/b&gt; pakistani song -SONU KALSI. ... Dil wich rakh k Pyaar ALI de Qari Shahid 
New 2015 &amp;middot; 05:00. Muhammad Owais Raza Qadri &amp;middot; 05:21.</content>
<contentNoFormatting>Mar 9, 2014 ... zain ali pakistani song -SONU KALSI. ... Dil wich rakh k Pyaar ALI de Qari Shahid 
New 2015 · 05:00. Muhammad Owais Raza Qadri · 05:21.</contentNoFormatting>
<formattedUrl>www.dailymotion.com/.../x1fqz1f_&lt;b&gt;zain&lt;/b&gt;-&lt;b&gt;ali&lt;/b&gt;-pakistani-song-sonu-kalsi_music</formattedUrl>
<title>&lt;b&gt;zain ali&lt;/b&gt; pakistani song -SONU KALSI - Video Dailymotion</title>
<titleNoFormatting>zain ali pakistani song -SONU KALSI - Video Dailymotion</titleNoFormatting>
<unescapedUrl>http://www.dailymotion.com/video/x1fqz1f_zain-ali-pakistani-song-sonu-kalsi_music</unescapedUrl>
<url>http://www.dailymotion.com/video/x1fqz1f_zain-ali-pakistani-song-sonu-kalsi_music</url>
<visibleUrl>www.dailymotion.com</visibleUrl>
<richSnippet>
<videoobject>
<name>zain ali pakistani song -SONU KALSI</name>
<description>zain ali pakistani song -SONU KALSI</description>
<url>http://www.dailymotion.com/video/x1fqz1f_zain-ali-pakistani-song-sonu-kalsi_music</url>
<caption>zain ali pakistani song -SONU KALSI</caption>
<videoquality>SD 384p</videoquality>
<duration>PT6M30S</duration>
<embedurl>http://www.dailymotion.com/swf/video/x1fqz1f</embedurl>
<encodingformat>http://www.dailymotion.com/video/mp4</encodingformat>
<width>1000</width>
<height>564</height>
<isfamilyfriendly>true</isfamilyfriendly>
<uploaddate>2014-03-09T17:00:27+01:00</uploaddate>
<datecreated>2014-03-09T17:00:27+01:00</datecreated>
<requiressubscription>false</requiressubscription>
<playertype>HTML5 Flash</playertype>
<regionsallowed>AD,AE,AF,AG,AI,AL,AM,AO,AQ,AR,AS,AT,AU,AW,AX,AZ,BA,BB,BD,BE,BF,BG,BH,BI,BJ,BL,BM,BN,BO,BQ,BR,BS,BT,BV,BW,BY,BZ,CA,CC,CD,CF,CG,CH,CI,CK,CL,CM,CN,CO,CR,CU,CV,CW,CX,CY,CZ,DE,DJ,DK,DM,DO,DZ,EC,EE,EG,EH...</regionsallowed>
<contenturl>http://www.dailymotion.com/crawler/video/x1fqz1f_zain-ali-pakistani-song-sonu-kalsi_music</contenturl>
<thumbnailurl>http://s1.dmcdn.net/D2R-C/1280x720-dqI.jpg</thumbnailurl>
<inlanguage>http://www.dailymotion.com/video/en</inlanguage>
<interactioncount>UserPlays:16,837</interactioncount>
</videoobject>
<person>
<url>http://www.dailymotion.com/jazbatv</url>
<name>jazbatv</name>
</person>
<organization>
<name>Dailymotion</name>
<logo>http://www.dailymotion.com</logo>
<url>http://static1.dmcdn.net/images/header/logo_dailymotion.png.v28e694cd21698f709</url>
</organization>
<searchaction>
<target>http://www.dailymotion.com/gb/relevance/universal/search/{search}/1</target>
<queryInput>name=search required value</queryInput>
</searchaction>
<mediaobject>
<myelement>
<url>07:45 Dil Ronda ZAIN ALI YOUNG PAKISTANI SINGER by Jazba TV 23,805 views</url>
<name>Dil Ronda ZAIN ALI YOUNG PAKISTANI SINGER</name>
</myelement>
<myelement>
<url>06:57 maa song zain ali by Jazba TV 27,227 views</url>
<name>maa song zain ali</name>
</myelement>
<myelement>
<url>04:13 Zain Ali Khan - Charkha - Official Video by Digital Entertainment World 5,668 views</url>
<name>Zain Ali Khan - Charkha - Official Video</name>
</myelement>
<myelement>
<url>03:41 Rog Full Video Song | Zain Ali | Presented By Khaliq Chishti by Musicworldrecord 3,900 views</url>
<name>Rog Full Video Song | Zain Ali | Presented By Khaliq Chishti</name>
</myelement>
<myelement>
<url>04:23 Raasta | Sonu D Official Music Video by Sonu Dangerous SD |singer/Performer| 4,907 views</url>
<name>Raasta | Sonu D Official Music Video</name>
</myelement>
<myelement>
<url>04:33 Sonu Nigham Stunned with Old Pakistani Classical Performance by Salamat Ali Khan by Manager aakhTHUU 1,246 views</url>
<name>Sonu Nigham Stunned with Old Pakistani Classical Performance by Salamat Ali Khan</name>
</myelement>
<myelement>
<url>02:42 Chaahat (ft. Rahat Fateh Ali Khan) by Zain Gee by zainbwn 2,063 views</url>
<name>Chaahat (ft. Rahat Fateh Ali Khan) by Zain Gee</name>
</myelement>
<myelement>
<url>04:38 Sonu Kakkar - Shaaman Paiyan(1) by Zainali8053 135,040 views</url>
<name>Sonu Kakkar - Shaaman Paiyan(1)</name>
</myelement>
<myelement>
<url>03:42 Tanhai - Atif Aslam by Atif Aslam 27,077 views</url>
<name>Tanhai - Atif Aslam</name>
</myelement>
<myelement>
<url>03:32 Sanwal By Sami Inayt by SamiInayat 173 views</url>
<name>Sanwal By Sami Inayt</name>
</myelement>
<myelement>
<url>02:48 Gulabi Ankhen Live by Mir Zohair Ali 16th march 2014 by Mir Zohair Ali 705 views</url>
<name>Gulabi Ankhen Live by Mir Zohair Ali 16th march 2014</name>
</myelement>
<myelement>
<url>02:26 Aane Se Uske Aye Bahar Live Mir Zohair Ali 1st Aug 2014 by Mir Zohair Ali 1,009 views</url>
<name>Aane Se Uske Aye Bahar Live Mir Zohair Ali 1st Aug 2014</name>
</myelement>
<myelement>
<url>02:38 Kya Hua Tera Wada Live by Mir Zohair Ali 16th march 2014 by Mir Zohair Ali 968 views</url>
<name>Kya Hua Tera Wada Live by Mir Zohair Ali 16th march 2014</name>
</myelement>
<myelement>
<url>00:37 Gulabi ankhain Live Mir Zohair Ali Eid-ul-Azha 2014 Jaag TV show Chai Time by Mir Zohair Ali 1,079 views</url>
<name>Gulabi ankhain Live Mir Zohair Ali Eid-ul-Azha 2014 Jaag TV show Chai Time</name>
</myelement>
<myelement>
<url>04:56 Betey hoe din - Adnan Raza - Offician Video- Produced by PTV by Adnan Raza 3,249 views</url>
<name>Betey hoe din - Adnan Raza - Offician Video- Produced by PTV</name>
</myelement>
<myelement>
<url>03:42 Atif Aslam - Tanhayee ft Fahad by Atif Aslam 6,574 views</url>
<name>Atif Aslam - Tanhayee ft Fahad</name>
</myelement>
<myelement>
<url>04:43 Drama Serial ANA Title Song By Sonu Nigam In Pakistani Drama | Watch Latest Title Songs by the teens love.com 120 views</url>
<name>Drama Serial ANA Title Song By Sonu Nigam In Pakistani Drama | Watch Latest Title Songs</name>
</myelement>
<myelement>
<url>04:36 chue chue by zain ul abideen pakistani classic 90s music by Entertainmentshiri420 2,270 views</url>
<name>chue chue by zain ul abideen pakistani classic 90s music</name>
</myelement>
<myelement>
<url>05:10 kithe nain na jorin - ali sethi by music masti 1,946 views</url>
<name>kithe nain na jorin - ali sethi</name>
</myelement>
</mediaobject>
<usercomments>
<commenttext>Good song</commenttext>
</usercomments>
<website>
<url>http://www.dailymotion.com/gb</url>
</website>
<cseImage>
<src>http://s1.dmcdn.net/D2R-C/526x297-nuL.jpg</src>
<type>1</type>
<width>299</width>
<height>169</height>
</cseImage>
<metatags>
<language>en</language>
<fbAppId>96937694899</fbAppId>
<yKey>a87a0d996fe5f70f</yKey>
<msvalidate01>42E38E6C5CF3C253563039FCD6F3F775</msvalidate01>
<viewport>initial-scale=1,user-scalable=no,maximum-scale=1,width=device-width</viewport>
<author>Jazba TV</author>
<ogTitle>zain ali pakistani song -SONU KALSI - Video Dailymotion</ogTitle>
<ogVideoType>application/x-shockwave-flash</ogVideoType>
<ogVideo>http://www.dailymotion.com/swf/video/x1fqz1f?autoPlay=1</ogVideo>
<ogVideoWidth>640</ogVideoWidth>
<ogVideoHeight>360</ogVideoHeight>
<ogUrl>http://www.dailymotion.com/video/x1fqz1f_zain-ali-pakistani-song-sonu-kalsi_music</ogUrl>
<ogSiteName>Dailymotion</ogSiteName>
<ogType>video</ogType>
<ogImage>http://s1.dmcdn.net/D2R-C/526x297-nuL.jpg</ogImage>
<ogImageSecureUrl>https://s1-ssl.dmcdn.net/D2R-C/526x297-nuL.jpg</ogImageSecureUrl>
<ogImageType>image/jpg</ogImageType>
<ogImageWidth>526</ogImageWidth>
<ogImageHeight>297</ogImageHeight>
<ogDescription>zain ali pakistani song -SONU KALSI</ogDescription>
<videoDuration>390</videoDuration>
<videoDirector>http://www.dailymotion.com/jazbatv</videoDirector>
<videoReleaseDate>2014-03-09T17:00:27+01:00</videoReleaseDate>
<alIosUrl>dailymotion://video/x1fqz1f</alIosUrl>
<alIosAppStoreId>336978041</alIosAppStoreId>
<alIosAppName>Dailymotion</alIosAppName>
<alAndroidUrl>dailymotion://video/x1fqz1f</alAndroidUrl>
<alAndroidPackage>com.dailymotion.dailymotion</alAndroidPackage>
<alAndroidAppName>Dailymotion</alAndroidAppName>
<medium>video</medium>
<videoType>application/x-shockwave-flash</videoType>
<videoHeight>564</videoHeight>
<videoWidth>1000</videoWidth>
</metatags>
<imageobject>
<url>http://s1.dmcdn.net/D2R-C/1280x720-dqI.jpg</url>
<width>1280</width>
<height>720</height>
</imageobject>
<thing>
<name>Music</name>
</thing>
</richSnippet>
</myelement>
<myelement>
<GsearchResultClass>GwebSearch</GsearchResultClass>
<cacheUrl>http://www.google.com/search?q=cache:_MHUi2eFB3cJ:www.youtube.com</cacheUrl>
<clicktrackUrl>https://www.google.com/url?q=http://www.youtube.com/watch%3Fv%3DiD1eFAR0vfQ&amp;sa=U&amp;ved=0CBIQFjAFahUKEwj6wo6yt-3IAhWkSXIKHYIQBbQ&amp;client=internal-uds-cse&amp;usg=AFQjCNGdY7D3Lqo3Z2LZvIxVaweSIdatAg</clicktrackUrl>
<content>May 19, 2011 &lt;b&gt;...&lt;/b&gt; &lt;b&gt;zain ali&lt;/b&gt; pakistani song -SONU KALSI. majhaboy55 ... ZABARDAST SING BY 
&lt;b&gt;ZAIN ALI&lt;/b&gt; MAZA AA GYA... Read more Show less. Reply · 1&amp;nbsp;...</content>
<contentNoFormatting>May 19, 2011 ... zain ali pakistani song -SONU KALSI. majhaboy55 ... ZABARDAST SING BY 
ZAIN ALI MAZA AA GYA... Read more Show less. Reply · 1 ...</contentNoFormatting>
<formattedUrl>www.youtube.com/watch?v=iD1eFAR0vfQ</formattedUrl>
<title>&lt;b&gt;zain ali&lt;/b&gt; pakistani song -SONU KALSI - YouTube</title>
<titleNoFormatting>zain ali pakistani song -SONU KALSI - YouTube</titleNoFormatting>
<unescapedUrl>http://www.youtube.com/watch?v=iD1eFAR0vfQ</unescapedUrl>
<url>http://www.youtube.com/watch%3Fv%3DiD1eFAR0vfQ</url>
<visibleUrl>www.youtube.com</visibleUrl>
<richSnippet>
<videoobject>
<url>http://www.youtube.com/watch?v=iD1eFAR0vfQ</url>
<name>zain ali pakistani song -SONU KALSI</name>
<description>sad song</description>
<paid>False</paid>
<channelid>UC2N2wD3NPJG51WI4_Mn1a5A</channelid>
<videoid>iD1eFAR0vfQ</videoid>
<duration>PT6M31S</duration>
<unlisted>False</unlisted>
<thumbnailurl>http://i.ytimg.com/vi/iD1eFAR0vfQ/hqdefault.jpg</thumbnailurl>
<embedurl>https://www.youtube.com/embed/iD1eFAR0vfQ</embedurl>
<playertype>HTML5 Flash</playertype>
<width>480</width>
<height>360</height>
<isfamilyfriendly>True</isfamilyfriendly>
<regionsallowed>AD,AE,AF,AG,AI,AL,AM,AO,AQ,AR,AS,AT,AU,AW,AX,AZ,BA,BB,BD,BE,BF,BG,BH,BI,BJ,BL,BM,BN,BO,BQ,BR,BS,BT,BV,BW,BY,BZ,CA,CC,CD,CF,CG,CH,CI,CK,CL,CM,CN,CO,CR,CU,CV,CW,CX,CY,CZ,DE,DJ,DK,DM,DO,DZ,EC,EE,EG,EH...</regionsallowed>
<interactioncount>1021970</interactioncount>
<datepublished>2011-05-19</datepublished>
<genre>Music</genre>
</videoobject>
<person>
<url>http://www.youtube.com/user/majhaboy55</url>
</person>
<cseImage>
<src>http://i.ytimg.com/vi/iD1eFAR0vfQ/hqdefault.jpg</src>
<type>1</type>
<width>259</width>
<height>194</height>
</cseImage>
<metatags>
<title>zain ali pakistani song -SONU KALSI</title>
<ogSiteName>YouTube</ogSiteName>
<ogUrl>http://www.youtube.com/watch?v=iD1eFAR0vfQ</ogUrl>
<ogTitle>zain ali pakistani song -SONU KALSI</ogTitle>
<ogImage>http://i.ytimg.com/vi/iD1eFAR0vfQ/hqdefault.jpg</ogImage>
<ogDescription>sad song</ogDescription>
<alIosAppStoreId>544007664</alIosAppStoreId>
<alIosAppName>YouTube</alIosAppName>
<alIosUrl>vnd.youtube://www.youtube.com/watch?v=iD1eFAR0vfQ&amp;feature=applinks</alIosUrl>
<alAndroidUrl>vnd.youtube://www.youtube.com/watch?v=iD1eFAR0vfQ&amp;feature=applinks</alAndroidUrl>
<alAndroidAppName>YouTube</alAndroidAppName>
<alAndroidPackage>com.google.android.youtube</alAndroidPackage>
<alWebUrl>http://www.youtube.com/watch?v=iD1eFAR0vfQ&amp;feature=applinks</alWebUrl>
<ogType>video</ogType>
<ogVideoUrl>https://www.youtube.com/embed/iD1eFAR0vfQ</ogVideoUrl>
<ogVideoSecureUrl>https://www.youtube.com/embed/iD1eFAR0vfQ</ogVideoSecureUrl>
<ogVideoType>text/html</ogVideoType>
<ogVideoWidth>480</ogVideoWidth>
<ogVideoHeight>360</ogVideoHeight>
<ogVideoTag>zain</ogVideoTag>
<fbAppId>87741124305</fbAppId>
<twitterCard>player</twitterCard>
<twitterSite>@youtube</twitterSite>
<twitterUrl>http://www.youtube.com/watch?v=iD1eFAR0vfQ</twitterUrl>
<twitterTitle>zain ali pakistani song -SONU KALSI</twitterTitle>
<twitterDescription>sad song</twitterDescription>
<twitterImage>http://i.ytimg.com/vi/iD1eFAR0vfQ/hqdefault.jpg</twitterImage>
<twitterAppNameIphone>YouTube</twitterAppNameIphone>
<twitterAppIdIphone>544007664</twitterAppIdIphone>
<twitterAppNameIpad>YouTube</twitterAppNameIpad>
<twitterAppIdIpad>544007664</twitterAppIdIpad>
<twitterAppUrlIphone>vnd.youtube://www.youtube.com/watch?v=iD1eFAR0vfQ&amp;feature=applinks</twitterAppUrlIphone>
<twitterAppUrlIpad>vnd.youtube://www.youtube.com/watch?v=iD1eFAR0vfQ&amp;feature=applinks</twitterAppUrlIpad>
<twitterAppNameGoogleplay>YouTube</twitterAppNameGoogleplay>
<twitterAppIdGoogleplay>com.google.android.youtube</twitterAppIdGoogleplay>
<twitterAppUrlGoogleplay>http://www.youtube.com/watch?v=iD1eFAR0vfQ</twitterAppUrlGoogleplay>
<twitterPlayer>https://www.youtube.com/embed/iD1eFAR0vfQ</twitterPlayer>
<twitterPlayerWidth>480</twitterPlayerWidth>
<twitterPlayerHeight>360</twitterPlayerHeight>
</metatags>
<imageobject>
<url>http://i.ytimg.com/vi/iD1eFAR0vfQ/hqdefault.jpg</url>
<width>480</width>
<height>360</height>
</imageobject>
</richSnippet>
</myelement>
<myelement>
<GsearchResultClass>GwebSearch</GsearchResultClass>
<cacheUrl>http://www.google.com/search?q=cache:0eadKNemi_4J:www.youtube.com</cacheUrl>
<clicktrackUrl>https://www.google.com/url?q=https://www.youtube.com/watch%3Fv%3DHbOklZOLbMw&amp;sa=U&amp;ved=0CBUQFjAGahUKEwj6wo6yt-3IAhWkSXIKHYIQBbQ&amp;client=internal-uds-cse&amp;usg=AFQjCNHtNyohpwzVqAhnC9y-4ux8T02ylQ</clicktrackUrl>
<content>Aug 16, 2009 &lt;b&gt;...&lt;/b&gt; maa song &lt;b&gt;zain ali&lt;/b&gt;. saif ullah. SubscribeSubscribedUnsubscribe 1,3191K. 
Loading... Loading... Working... Add to&amp;nbsp;...</content>
<contentNoFormatting>Aug 16, 2009 ... maa song zain ali. saif ullah. SubscribeSubscribedUnsubscribe 1,3191K. 
Loading... Loading... Working... Add to ...</contentNoFormatting>
<formattedUrl>https://www.youtube.com/watch?v=HbOklZOLbMw</formattedUrl>
<title>maa song &lt;b&gt;zain ali&lt;/b&gt; - YouTube</title>
<titleNoFormatting>maa song zain ali - YouTube</titleNoFormatting>
<unescapedUrl>https://www.youtube.com/watch?v=HbOklZOLbMw</unescapedUrl>
<url>https://www.youtube.com/watch%3Fv%3DHbOklZOLbMw</url>
<visibleUrl>www.youtube.com</visibleUrl>
<richSnippet>
<videoobject>
<url>https://www.youtube.com/watch?v=HbOklZOLbMw</url>
<name>maa song zain ali</name>
<description>perdes na jana</description>
<paid>False</paid>
<channelid>UCfwE3IbfEYl80NCa9d98lEQ</channelid>
<videoid>HbOklZOLbMw</videoid>
<duration>PT6M57S</duration>
<unlisted>False</unlisted>
<thumbnailurl>https://i.ytimg.com/vi/HbOklZOLbMw/hqdefault.jpg</thumbnailurl>
<embedurl>https://www.youtube.com/embed/HbOklZOLbMw</embedurl>
<playertype>HTML5 Flash</playertype>
<width>480</width>
<height>360</height>
<isfamilyfriendly>True</isfamilyfriendly>
<regionsallowed>AD,AE,AF,AG,AI,AL,AM,AO,AQ,AR,AS,AT,AU,AW,AX,AZ,BA,BB,BD,BE,BF,BG,BH,BI,BJ,BL,BM,BN,BO,BQ,BR,BS,BT,BV,BW,BY,BZ,CA,CC,CD,CF,CG,CH,CI,CK,CL,CM,CN,CO,CR,CU,CV,CW,CX,CY,CZ,DE,DJ,DK,DM,DO,DZ,EC,EE,EG,EH...</regionsallowed>
<interactioncount>1664616</interactioncount>
<datepublished>2009-08-16</datepublished>
<genre>Music</genre>
</videoobject>
<person>
<myelement>
<url>http://www.youtube.com/user/saifitalia</url>
</myelement>
<myelement>
<url>https://plus.google.com/107457032525675784787</url>
</myelement>
</person>
<cseImage>
<src>https://i.ytimg.com/vi/HbOklZOLbMw/hqdefault.jpg</src>
<type>1</type>
<width>259</width>
<height>194</height>
</cseImage>
<metatags>
<title>maa song zain ali</title>
<ogSiteName>YouTube</ogSiteName>
<ogUrl>https://www.youtube.com/watch?v=HbOklZOLbMw</ogUrl>
<ogTitle>maa song zain ali</ogTitle>
<ogImage>https://i.ytimg.com/vi/HbOklZOLbMw/hqdefault.jpg</ogImage>
<ogDescription>perdes na jana</ogDescription>
<alIosAppStoreId>544007664</alIosAppStoreId>
<alIosAppName>YouTube</alIosAppName>
<alIosUrl>vnd.youtube://www.youtube.com/watch?v=HbOklZOLbMw&amp;feature=applinks</alIosUrl>
<alAndroidUrl>vnd.youtube://www.youtube.com/watch?v=HbOklZOLbMw&amp;feature=applinks</alAndroidUrl>
<alAndroidAppName>YouTube</alAndroidAppName>
<alAndroidPackage>com.google.android.youtube</alAndroidPackage>
<alWebUrl>https://www.youtube.com/watch?v=HbOklZOLbMw&amp;feature=applinks</alWebUrl>
<ogType>video</ogType>
<ogVideoUrl>https://www.youtube.com/embed/HbOklZOLbMw</ogVideoUrl>
<ogVideoSecureUrl>https://www.youtube.com/embed/HbOklZOLbMw</ogVideoSecureUrl>
<ogVideoType>text/html</ogVideoType>
<ogVideoWidth>480</ogVideoWidth>
<ogVideoHeight>360</ogVideoHeight>
<ogVideoTag>maa</ogVideoTag>
<fbAppId>87741124305</fbAppId>
<twitterCard>player</twitterCard>
<twitterSite>@youtube</twitterSite>
<twitterUrl>https://www.youtube.com/watch?v=HbOklZOLbMw</twitterUrl>
<twitterTitle>maa song zain ali</twitterTitle>
<twitterDescription>perdes na jana</twitterDescription>
<twitterImage>https://i.ytimg.com/vi/HbOklZOLbMw/hqdefault.jpg</twitterImage>
<twitterAppNameIphone>YouTube</twitterAppNameIphone>
<twitterAppIdIphone>544007664</twitterAppIdIphone>
<twitterAppNameIpad>YouTube</twitterAppNameIpad>
<twitterAppIdIpad>544007664</twitterAppIdIpad>
<twitterAppUrlIphone>vnd.youtube://www.youtube.com/watch?v=HbOklZOLbMw&amp;feature=applinks</twitterAppUrlIphone>
<twitterAppUrlIpad>vnd.youtube://www.youtube.com/watch?v=HbOklZOLbMw&amp;feature=applinks</twitterAppUrlIpad>
<twitterAppNameGoogleplay>YouTube</twitterAppNameGoogleplay>
<twitterAppIdGoogleplay>com.google.android.youtube</twitterAppIdGoogleplay>
<twitterAppUrlGoogleplay>https://www.youtube.com/watch?v=HbOklZOLbMw</twitterAppUrlGoogleplay>
<twitterPlayer>https://www.youtube.com/embed/HbOklZOLbMw</twitterPlayer>
<twitterPlayerWidth>480</twitterPlayerWidth>
<twitterPlayerHeight>360</twitterPlayerHeight>
</metatags>
<imageobject>
<url>https://i.ytimg.com/vi/HbOklZOLbMw/hqdefault.jpg</url>
<width>480</width>
<height>360</height>
</imageobject>
</richSnippet>
</myelement>
<myelement>
<GsearchResultClass>GwebSearch</GsearchResultClass>
<cacheUrl>http://www.google.com/search?q=cache:0ivKNpsbvToJ:www.youtube.com</cacheUrl>
<clicktrackUrl>https://www.google.com/url?q=http://www.youtube.com/watch%3Fv%3DZX8ydZPw81I&amp;sa=U&amp;ved=0CBgQFjAHahUKEwj6wo6yt-3IAhWkSXIKHYIQBbQ&amp;client=internal-uds-cse&amp;usg=AFQjCNFhxPkwyTvI5sYHE2Zl9wiMdOCgeQ</clicktrackUrl>
<content>Apr 14, 2012 &lt;b&gt;...&lt;/b&gt; &lt;b&gt;zain ali&lt;/b&gt; song...jaan ... God bless u &lt;b&gt;Zain Ali&lt;/b&gt; ... &lt;b&gt;Zain Ali&lt;/b&gt;, New Album, Dil Tut He 
Janda, Punjabi Seraiki Cultural Songs - Duration: 50:39. by&amp;nbsp;...</content>
<contentNoFormatting>Apr 14, 2012 ... zain ali song...jaan ... God bless u Zain Ali ... Zain Ali, New Album, Dil Tut He 
Janda, Punjabi Seraiki Cultural Songs - Duration: 50:39. by ...</contentNoFormatting>
<formattedUrl>www.youtube.com/watch?v=ZX8ydZPw81I</formattedUrl>
<title>&lt;b&gt;zain ali&lt;/b&gt; song...jaan - YouTube</title>
<titleNoFormatting>zain ali song...jaan - YouTube</titleNoFormatting>
<unescapedUrl>http://www.youtube.com/watch?v=ZX8ydZPw81I</unescapedUrl>
<url>http://www.youtube.com/watch%3Fv%3DZX8ydZPw81I</url>
<visibleUrl>www.youtube.com</visibleUrl>
<richSnippet>
<videoobject>
<url>https://www.youtube.com/watch?v=ZX8ydZPw81I</url>
<name>zain ali song...jaan</name>
<paid>False</paid>
<channelid>UCZ6PeKe2mlru8fAtiQ8FDSg</channelid>
<videoid>ZX8ydZPw81I</videoid>
<duration>PT7M52S</duration>
<unlisted>False</unlisted>
<thumbnailurl>http://i.ytimg.com/vi/ZX8ydZPw81I/hqdefault.jpg</thumbnailurl>
<embedurl>https://www.youtube.com/embed/ZX8ydZPw81I</embedurl>
<playertype>HTML5 Flash</playertype>
<width>480</width>
<height>360</height>
<isfamilyfriendly>True</isfamilyfriendly>
<regionsallowed>AD,AE,AF,AG,AI,AL,AM,AO,AQ,AR,AS,AT,AU,AW,AX,AZ,BA,BB,BD,BE,BF,BG,BH,BI,BJ,BL,BM,BN,BO,BQ,BR,BS,BT,BV,BW,BY,BZ,CA,CC,CD,CF,CG,CH,CI,CK,CL,CM,CN,CO,CR,CU,CV,CW,CX,CY,CZ,DE,DJ,DK,DM,DO,DZ,EC,EE,EG,EH...</regionsallowed>
<interactioncount>48789</interactioncount>
<datepublished>2012-04-14</datepublished>
<genre>Autos &amp; Vehicles</genre>
</videoobject>
<person>
<url>http://www.youtube.com/user/jaansagar4u</url>
</person>
<cseImage>
<src>http://i.ytimg.com/vi/ZX8ydZPw81I/hqdefault.jpg</src>
<type>1</type>
<width>259</width>
<height>194</height>
</cseImage>
<metatags>
<title>zain ali song...jaan</title>
<ogSiteName>YouTube</ogSiteName>
<ogUrl>https://www.youtube.com/watch?v=ZX8ydZPw81I</ogUrl>
<ogTitle>zain ali song...jaan</ogTitle>
<ogImage>http://i.ytimg.com/vi/ZX8ydZPw81I/hqdefault.jpg</ogImage>
<alIosAppStoreId>544007664</alIosAppStoreId>
<alIosAppName>YouTube</alIosAppName>
<alIosUrl>vnd.youtube://www.youtube.com/watch?v=ZX8ydZPw81I&amp;feature=applinks</alIosUrl>
<alAndroidUrl>vnd.youtube://www.youtube.com/watch?v=ZX8ydZPw81I&amp;feature=applinks</alAndroidUrl>
<alAndroidAppName>YouTube</alAndroidAppName>
<alAndroidPackage>com.google.android.youtube</alAndroidPackage>
<alWebUrl>https://www.youtube.com/watch?v=ZX8ydZPw81I&amp;feature=applinks</alWebUrl>
<ogType>video</ogType>
<ogVideoUrl>https://www.youtube.com/embed/ZX8ydZPw81I</ogVideoUrl>
<ogVideoSecureUrl>https://www.youtube.com/embed/ZX8ydZPw81I</ogVideoSecureUrl>
<ogVideoType>text/html</ogVideoType>
<ogVideoWidth>480</ogVideoWidth>
<ogVideoHeight>360</ogVideoHeight>
<ogVideoTag>song</ogVideoTag>
<fbAppId>87741124305</fbAppId>
<twitterCard>player</twitterCard>
<twitterSite>@youtube</twitterSite>
<twitterUrl>https://www.youtube.com/watch?v=ZX8ydZPw81I</twitterUrl>
<twitterTitle>zain ali song...jaan</twitterTitle>
<twitterImage>http://i.ytimg.com/vi/ZX8ydZPw81I/hqdefault.jpg</twitterImage>
<twitterAppNameIphone>YouTube</twitterAppNameIphone>
<twitterAppIdIphone>544007664</twitterAppIdIphone>
<twitterAppNameIpad>YouTube</twitterAppNameIpad>
<twitterAppIdIpad>544007664</twitterAppIdIpad>
<twitterAppUrlIphone>vnd.youtube://www.youtube.com/watch?v=ZX8ydZPw81I&amp;feature=applinks</twitterAppUrlIphone>
<twitterAppUrlIpad>vnd.youtube://www.youtube.com/watch?v=ZX8ydZPw81I&amp;feature=applinks</twitterAppUrlIpad>
<twitterAppNameGoogleplay>YouTube</twitterAppNameGoogleplay>
<twitterAppIdGoogleplay>com.google.android.youtube</twitterAppIdGoogleplay>
<twitterAppUrlGoogleplay>https://www.youtube.com/watch?v=ZX8ydZPw81I</twitterAppUrlGoogleplay>
<twitterPlayer>https://www.youtube.com/embed/ZX8ydZPw81I</twitterPlayer>
<twitterPlayerWidth>480</twitterPlayerWidth>
<twitterPlayerHeight>360</twitterPlayerHeight>
</metatags>
<imageobject>
<url>http://i.ytimg.com/vi/ZX8ydZPw81I/hqdefault.jpg</url>
<width>480</width>
<height>360</height>
</imageobject>
</richSnippet>
</myelement>
<myelement>
<GsearchResultClass>GwebSearch</GsearchResultClass>
<cacheUrl>http://www.google.com/search?q=cache:pPVSZxOVb4MJ:vimeo.com</cacheUrl>
<clicktrackUrl>https://www.google.com/url?q=https://vimeo.com/59867599&amp;sa=U&amp;ved=0CBsQFjAIahUKEwj6wo6yt-3IAhWkSXIKHYIQBbQ&amp;client=internal-uds-cse&amp;usg=AFQjCNFPTCeacwHILQgcS9JSwj8h4yvjog</clicktrackUrl>
<content>Feb 17, 2013 &lt;b&gt;...&lt;/b&gt; Charkha - &lt;b&gt;Zain Ali&lt;/b&gt; Khan (Official Music Video) A TrimStudio Production Video 
Production Dp/Slicer &amp;amp; Director: Adeel Pk Project Head: Safeer&amp;nbsp;...</content>
<contentNoFormatting>Feb 17, 2013 ... Charkha - Zain Ali Khan (Official Music Video) A TrimStudio Production Video 
Production Dp/Slicer &amp; Director: Adeel Pk Project Head: Safeer ...</contentNoFormatting>
<formattedUrl>https://vimeo.com/59867599</formattedUrl>
<title>Charkha - &lt;b&gt;Zain Ali&lt;/b&gt; Khan (Official Music Video) on Vimeo</title>
<titleNoFormatting>Charkha - Zain Ali Khan (Official Music Video) on Vimeo</titleNoFormatting>
<unescapedUrl>https://vimeo.com/59867599</unescapedUrl>
<url>https://vimeo.com/59867599</url>
<visibleUrl>vimeo.com</visibleUrl>
<richSnippet>
<cseImage>
<src>https://i.vimeocdn.com/video/416287220_1280x540.jpg</src>
<type>1</type>
<width>346</width>
<height>146</height>
</cseImage>
<metatags>
<viewport>width=1024,maximum-scale=1.0</viewport>
<fbAppId>19884028963</fbAppId>
<ogTitle>Charkha - Zain Ali Khan (Official Music Video)</ogTitle>
<ogDescription>Charkha - Zain Ali Khan (Official Music Video)  A TrimStudio Production  Video Production Dp/Slicer &amp; Director: Adeel Pk Project Head: Safeer Ali Producer:…</ogDescription>
<ogImage>https://i.vimeocdn.com/video/416287220_1280x540.jpg</ogImage>
<ogImageHeight>540</ogImageHeight>
<ogImageWidth>1280</ogImageWidth>
<ogType>video</ogType>
<ogVideoUrl>https://player.vimeo.com/video/59867599?autoplay=1</ogVideoUrl>
<ogVideoSecureUrl>https://player.vimeo.com/video/59867599?autoplay=1</ogVideoSecureUrl>
<ogVideoType>text/html</ogVideoType>
<ogVideoWidth>640</ogVideoWidth>
<ogVideoHeight>270</ogVideoHeight>
<ogSiteName>Vimeo</ogSiteName>
<ogUrl>https://vimeo.com/59867599</ogUrl>
<alIosUrl>vimeo://app.vimeo.com/videos/59867599</alIosUrl>
<alIosAppStoreId>425194759</alIosAppStoreId>
<alIosAppName>Vimeo</alIosAppName>
<videoDirector>https://vimeo.com/user13688286</videoDirector>
<videoTag>Zain Ali Khan</videoTag>
<twitterCard>player</twitterCard>
<twitterSite>@vimeo</twitterSite>
<twitterPlayer>https://player.vimeo.com/video/59867599</twitterPlayer>
<twitterPlayerHeight>270</twitterPlayerHeight>
<twitterPlayerWidth>640</twitterPlayerWidth>
<twitterImage>https://i.vimeocdn.com/video/416287220_1280x540.jpg</twitterImage>
<twitterAppNameIphone>Vimeo</twitterAppNameIphone>
<twitterAppIdIphone>425194759</twitterAppIdIphone>
<twitterAppUrlIphone>vimeo://app.vimeo.com/videos/59867599</twitterAppUrlIphone>
<twitterAppNameIpad>Vimeo</twitterAppNameIpad>
<twitterAppIdIpad>425194759</twitterAppIdIpad>
<twitterAppUrlIpad>vimeo://app.vimeo.com/videos/59867599</twitterAppUrlIpad>
<twitterAppNameGoogleplay>Vimeo</twitterAppNameGoogleplay>
<twitterAppIdGoogleplay>com.vimeo.android.videoapp</twitterAppIdGoogleplay>
<msapplicationTileimage>https://i.vimeocdn.com/favicon/main-touch_144</msapplicationTileimage>
<msapplicationTilecolor>#00adef</msapplicationTilecolor>
</metatags>
</richSnippet>
</myelement>
<myelement>
<GsearchResultClass>GwebSearch</GsearchResultClass>
<cacheUrl>http://www.google.com/search?q=cache:w9P4LM624eoJ:www.youtube.com</cacheUrl>
<clicktrackUrl>https://www.google.com/url?q=https://www.youtube.com/watch%3Fv%3Dwr5hQufJ8Zk&amp;sa=U&amp;ved=0CB4QFjAJahUKEwj6wo6yt-3IAhWkSXIKHYIQBbQ&amp;client=internal-uds-cse&amp;usg=AFQjCNEnkyasTxAjmnpVvfA85l9RkVAryA</clicktrackUrl>
<content>May 18, 2011 &lt;b&gt;...&lt;/b&gt; &lt;b&gt;zain ali&lt;/b&gt; pakistan -SONU KALSI ... &lt;b&gt;Zain Ali&lt;/b&gt; (Shakrial) at Darbar Sakhi Shah 
Peyara Chour Harpal Rawalpindi 14 Shaban 2011 - Duration: 9:26.</content>
<contentNoFormatting>May 18, 2011 ... zain ali pakistan -SONU KALSI ... Zain Ali (Shakrial) at Darbar Sakhi Shah 
Peyara Chour Harpal Rawalpindi 14 Shaban 2011 - Duration: 9:26.</contentNoFormatting>
<formattedUrl>https://www.youtube.com/watch?v=wr5hQufJ8Zk</formattedUrl>
<title>&lt;b&gt;zain ali&lt;/b&gt; pakistan -SONU KALSI - YouTube</title>
<titleNoFormatting>zain ali pakistan -SONU KALSI - YouTube</titleNoFormatting>
<unescapedUrl>https://www.youtube.com/watch?v=wr5hQufJ8Zk</unescapedUrl>
<url>https://www.youtube.com/watch%3Fv%3Dwr5hQufJ8Zk</url>
<visibleUrl>www.youtube.com</visibleUrl>
<richSnippet>
<videoobject>
<url>https://www.youtube.com/watch?v=wr5hQufJ8Zk</url>
<name>zain ali pakistan -SONU KALSI</name>
<description>sad but romantic song</description>
<paid>False</paid>
<channelid>UC2N2wD3NPJG51WI4_Mn1a5A</channelid>
<videoid>wr5hQufJ8Zk</videoid>
<duration>PT7M45S</duration>
<unlisted>False</unlisted>
<thumbnailurl>https://i.ytimg.com/vi/wr5hQufJ8Zk/hqdefault.jpg</thumbnailurl>
<embedurl>https://www.youtube.com/embed/wr5hQufJ8Zk</embedurl>
<playertype>HTML5 Flash</playertype>
<width>480</width>
<height>360</height>
<isfamilyfriendly>True</isfamilyfriendly>
<regionsallowed>AD,AE,AF,AG,AI,AL,AM,AO,AQ,AR,AS,AT,AU,AW,AX,AZ,BA,BB,BD,BE,BF,BG,BH,BI,BJ,BL,BM,BN,BO,BQ,BR,BS,BT,BV,BW,BY,BZ,CA,CC,CD,CF,CG,CH,CI,CK,CL,CM,CN,CO,CR,CU,CV,CW,CX,CY,CZ,DE,DJ,DK,DM,DO,DZ,EC,EE,EG,EH...</regionsallowed>
<interactioncount>35507</interactioncount>
<datepublished>2011-05-18</datepublished>
<genre>Music</genre>
</videoobject>
<person>
<url>http://www.youtube.com/user/majhaboy55</url>
</person>
<cseImage>
<src>https://i.ytimg.com/vi/wr5hQufJ8Zk/hqdefault.jpg</src>
<type>1</type>
<width>259</width>
<height>194</height>
</cseImage>
<metatags>
<title>zain ali pakistan -SONU KALSI</title>
<ogSiteName>YouTube</ogSiteName>
<ogUrl>https://www.youtube.com/watch?v=wr5hQufJ8Zk</ogUrl>
<ogTitle>zain ali pakistan -SONU KALSI</ogTitle>
<ogImage>https://i.ytimg.com/vi/wr5hQufJ8Zk/hqdefault.jpg</ogImage>
<ogDescription>sad but romantic song</ogDescription>
<alIosAppStoreId>544007664</alIosAppStoreId>
<alIosAppName>YouTube</alIosAppName>
<alIosUrl>vnd.youtube://www.youtube.com/watch?v=wr5hQufJ8Zk&amp;feature=applinks</alIosUrl>
<alAndroidUrl>vnd.youtube://www.youtube.com/watch?v=wr5hQufJ8Zk&amp;feature=applinks</alAndroidUrl>
<alAndroidAppName>YouTube</alAndroidAppName>
<alAndroidPackage>com.google.android.youtube</alAndroidPackage>
<alWebUrl>https://www.youtube.com/watch?v=wr5hQufJ8Zk&amp;feature=applinks</alWebUrl>
<ogType>video</ogType>
<ogVideoUrl>https://www.youtube.com/embed/wr5hQufJ8Zk</ogVideoUrl>
<ogVideoSecureUrl>https://www.youtube.com/embed/wr5hQufJ8Zk</ogVideoSecureUrl>
<ogVideoType>text/html</ogVideoType>
<ogVideoWidth>480</ogVideoWidth>
<ogVideoHeight>360</ogVideoHeight>
<ogVideoTag>sad</ogVideoTag>
<fbAppId>87741124305</fbAppId>
<twitterCard>player</twitterCard>
<twitterSite>@youtube</twitterSite>
<twitterUrl>https://www.youtube.com/watch?v=wr5hQufJ8Zk</twitterUrl>
<twitterTitle>zain ali pakistan -SONU KALSI</twitterTitle>
<twitterDescription>sad but romantic song</twitterDescription>
<twitterImage>https://i.ytimg.com/vi/wr5hQufJ8Zk/hqdefault.jpg</twitterImage>
<twitterAppNameIphone>YouTube</twitterAppNameIphone>
<twitterAppIdIphone>544007664</twitterAppIdIphone>
<twitterAppNameIpad>YouTube</twitterAppNameIpad>
<twitterAppIdIpad>544007664</twitterAppIdIpad>
<twitterAppUrlIphone>vnd.youtube://www.youtube.com/watch?v=wr5hQufJ8Zk&amp;feature=applinks</twitterAppUrlIphone>
<twitterAppUrlIpad>vnd.youtube://www.youtube.com/watch?v=wr5hQufJ8Zk&amp;feature=applinks</twitterAppUrlIpad>
<twitterAppNameGoogleplay>YouTube</twitterAppNameGoogleplay>
<twitterAppIdGoogleplay>com.google.android.youtube</twitterAppIdGoogleplay>
<twitterAppUrlGoogleplay>https://www.youtube.com/watch?v=wr5hQufJ8Zk</twitterAppUrlGoogleplay>
<twitterPlayer>https://www.youtube.com/embed/wr5hQufJ8Zk</twitterPlayer>
<twitterPlayerWidth>480</twitterPlayerWidth>
<twitterPlayerHeight>360</twitterPlayerHeight>
</metatags>
<imageobject>
<url>https://i.ytimg.com/vi/wr5hQufJ8Zk/hqdefault.jpg</url>
<width>480</width>
<height>360</height>
</imageobject>
</richSnippet>
</myelement>
<myelement>
<GsearchResultClass>GwebSearch</GsearchResultClass>
<cacheUrl>http://www.google.com/search?q=cache:0SVJt3OMkPkJ:www.zainalishah.com</cacheUrl>
<clicktrackUrl>https://www.google.com/url?q=http://www.zainalishah.com/&amp;sa=U&amp;ved=0CCAQFjAKahUKEwj6wo6yt-3IAhWkSXIKHYIQBbQ&amp;client=internal-uds-cse&amp;usg=AFQjCNHcJop7Y_dx7jhBQGCnUfObccTXyA</clicktrackUrl>
<content>Chapters &amp;middot; Death &amp;middot; Natives &amp;middot; Others I &amp;middot; Others II &amp;middot; Others III &amp;middot; All Photos &amp;middot; Bio &amp;middot; Insta 
14k &amp;middot; Blog. WELCOME. Maria Ines Huguenin. ©&lt;b&gt;Zain Ali&lt;/b&gt; Shah.</content>
<contentNoFormatting>Chapters · Death · Natives · Others I · Others II · Others III · All Photos · Bio · Insta 
14k · Blog. WELCOME. Maria Ines Huguenin. ©Zain Ali Shah.</contentNoFormatting>
<formattedUrl>www.&lt;b&gt;zainali&lt;/b&gt;shah.com/</formattedUrl>
<title>&lt;b&gt;Zain Ali&lt;/b&gt; Shah | Photography</title>
<titleNoFormatting>Zain Ali Shah | Photography</titleNoFormatting>
<unescapedUrl>http://www.zainalishah.com/</unescapedUrl>
<url>http://www.zainalishah.com/</url>
<visibleUrl>www.zainalishah.com</visibleUrl>
<richSnippet>
<cseImage>
<src>http://www.zainalishah.com/wp-content/uploads/2015/07/Maria_Ines1.jpg</src>
<type>1</type>
<width>183</width>
<height>275</height>
</cseImage>
<metatags>
<viewport>width=device-width, initial-scale=1, maximum-scale=1</viewport>
</metatags>
</richSnippet>
</myelement>
<myelement>
<GsearchResultClass>GwebSearch</GsearchResultClass>
<cacheUrl>http://www.google.com/search?q=cache:oclZCFAvbs4J:gotuftsjumbos.com</cacheUrl>
<clicktrackUrl>https://www.google.com/url?q=http://gotuftsjumbos.com/sports/mten/2014-15/bios/ali_zain_hz2e&amp;sa=U&amp;ved=0CCIQFjALahUKEwj6wo6yt-3IAhWkSXIKHYIQBbQ&amp;client=internal-uds-cse&amp;usg=AFQjCNH3MVX02orOPV6pkO9vEhyZ55WMKg</clicktrackUrl>
<content>W. Volleyball. Final 10/24/2015. 2. Tufts. 3. at MIT. New England Challenge. Box 
Score | Recap. Previous Next. 0. M. Soccer. Final 10/24/2015. 3. Tufts. 0.</content>
<contentNoFormatting>W. Volleyball. Final 10/24/2015. 2. Tufts. 3. at MIT. New England Challenge. Box 
Score | Recap. Previous Next. 0. M. Soccer. Final 10/24/2015. 3. Tufts. 0.</contentNoFormatting>
<formattedUrl>gotuftsjumbos.com/sports/mten/2014-15/bios/&lt;b&gt;ali&lt;/b&gt;_&lt;b&gt;zain&lt;/b&gt;_hz2e</formattedUrl>
<title>&lt;b&gt;Zain Ali&lt;/b&gt; - Tufts</title>
<titleNoFormatting>Zain Ali - Tufts</titleNoFormatting>
<unescapedUrl>http://gotuftsjumbos.com/sports/mten/2014-15/bios/ali_zain_hz2e</unescapedUrl>
<url>http://gotuftsjumbos.com/sports/mten/2014-15/bios/ali_zain_hz2e</url>
<visibleUrl>gotuftsjumbos.com</visibleUrl>
<richSnippet>
<cseImage>
<src>http://gotuftsjumbos.com/images/setup/thumbnail_default.jpg</src>
</cseImage>
<metatags>
<viewport>width=device-width, initial-scale=1, maximum-scale=1</viewport>
<ogTitle>Zain Ali</ogTitle>
<ogDescription>Zain Ali</ogDescription>
<ogSiteName>Tufts</ogSiteName>
<ogUrl>http://gotuftsjumbos.com/sports/mten/2014-15/bios/ali_zain_hz2e</ogUrl>
<ogImage>http://gotuftsjumbos.com/images/setup/thumbnail_default.jpg</ogImage>
</metatags>
</richSnippet>
</myelement>
<myelement>
<GsearchResultClass>GwebSearch</GsearchResultClass>
<cacheUrl>http://www.google.com/search?q=cache:vvagc7NJRdwJ:www.palgrave.com</cacheUrl>
<clicktrackUrl>https://www.google.com/url?q=http://www.palgrave.com/page/detail/faith-philosophy-and-the-reflective-muslim-zain-ali/%3Fsf1%3Dbarcode%26st1%3D9781137286352&amp;sa=U&amp;ved=0CCQQFjAMahUKEwj6wo6yt-3IAhWkSXIKHYIQBbQ&amp;client=internal-uds-cse&amp;usg=AFQjCNHQ0yInBgbP6h8l1m0cBLDhKP9cMQ</clicktrackUrl>
<content>Is belief in God justified? This question has been examined numerous times, but 
never from the angle taken by this book: that of the &amp;#39;reflective Muslim&amp;#39;.</content>
<contentNoFormatting>Is belief in God justified? This question has been examined numerous times, but 
never from the angle taken by this book: that of the &apos;reflective Muslim&apos;.</contentNoFormatting>
<formattedUrl>www.palgrave.com/.../faith-philosophy-and-the-reflective-muslim-&lt;b&gt;zain&lt;/b&gt;-&lt;b&gt;ali&lt;/b&gt;/? ...</formattedUrl>
<title>Faith, Philosophy and the Reflective Muslim - &lt;b&gt;Zain Ali&lt;/b&gt; - Palgrave &lt;b&gt;...&lt;/b&gt;</title>
<titleNoFormatting>Faith, Philosophy and the Reflective Muslim - Zain Ali - Palgrave ...</titleNoFormatting>
<unescapedUrl>http://www.palgrave.com/page/detail/faith-philosophy-and-the-reflective-muslim-zain-ali/?sf1=barcode&amp;st1=9781137286352</unescapedUrl>
<url>http://www.palgrave.com/page/detail/faith-philosophy-and-the-reflective-muslim-zain-ali/%3Fsf1%3Dbarcode%26st1%3D9781137286352</url>
<visibleUrl>www.palgrave.com</visibleUrl>
<richSnippet>
<product>
<name>Faith, Philosophy and the Reflective Muslim</name>
<author>Zain Ali</author>
<image>http://images3.ehaus2.co.uk/xmla/image-service.asp?k=9781137286352&amp;dbm=macmillan&amp;size=m&amp;source=macmillan</image>
<url>Enlarge</url>
<numberofpages>(192</numberofpages>
<isbn>9781137286352</isbn>
<bookformat>Hardcover Ebook (EPUB) Ebook (PDF)</bookformat>
<publisher>Palgrave Macmillan</publisher>
</product>
<cseImage>
<src>http://images3.ehaus2.co.uk/xmla/image-service.asp?k=9781137286352&amp;dbm=macmillan&amp;size=m&amp;source=macmillan</src>
</cseImage>
<metatags>
<wtCgN>Palgrave Macmillan</wtCgN>
<wtCgS>Books</wtCgS>
<wtZCgCat>Pal Scholarly</wtZCgCat>
<wtZProdTitle>Faith, Philosophy and the Reflective Muslim</wtZProdTitle>
<wtZCgEcollection>522 Philosophy - Academic</wtZCgEcollection>
<wtPalIsbn>&lt;fv_ref_no&gt;</wtPalIsbn>
<wtPalAuthor>Zain Ali</wtPalAuthor>
<wtPalFormat>Hardcover</wtPalFormat>
<wtPalPubdate>&lt;fv_pretty_date&gt;</wtPalPubdate>
<wtPalPublisher>&lt;fv_publisher&gt;</wtPalPublisher>
<twitterCard>summary_large_image</twitterCard>
<twitterSite>@Palgrave_</twitterSite>
<twitterCreator>@Palgrave_</twitterCreator>
<twitterTitle>Faith, Philosophy and the Reflective Muslim</twitterTitle>
<twitterDescription>Most modern literature on the rationality of religious belief is primarily written from Christian and Secular perspectives, the introduction of a reflective Muslim perspective provides a fresh and alternative perspective. This work aims to pioneer an engagement with contemporary philosophical scholarship from the perspective of a reflective Muslim</twitterDescription>
<twitterImage>http://images3.ehaus2.co.uk/macmillan-images/s/978113/9781137286352.jpg”&gt;    &lt;!-- Facebook --&gt;  &lt;meta property=</twitterImage>
<ogType>book</ogType>
<ogUrl>http://www.palgrave.com%2Fpage%2Fdetail%2Ffaith-philosophy-and-the-reflective-muslim-zain-ali%2F%3Fsf1%3Dbarcode%26st1%3D9781137286352</ogUrl>
<ogImage>http://images3.ehaus2.co.uk/xmla/image-service.asp?k=9781137286352&amp;dbm=macmillan&amp;size=m&amp;source=macmillan</ogImage>
<ogSiteName>Palgrave Macmillan</ogSiteName>
<ogDescription>Is belief in God justified? This question has been examined numerous times, but never from the angle taken by this book: that of the &apos;reflective Muslim&apos;. The reflective Muslim describes a person of Islamic faith who acknowledges that people of other religious and non-religious persuasions are as concerned with seeking truth and avoiding error as they themselves are.This work begins with the assumption of religious ambiguity - i.e., that the total relevant evidence neither shows belief in God to be true nor false. Accordingly, the central question of this work is whether a person can be entitled to hold and act on their belief in God when there is religious ambiguity?The author contends that belief in God can be justified under the condition of religious ambiguity, and he defends this view by employing an account of faith inspired by the pioneering work of the American intellectual, William James.</ogDescription>
<viewport>width=device-width, initial-scale=1</viewport>
<comSilverpopBrandeddomains>www.pages04.net,www.dictionaryofeconomics.com,www.palgrave.com,www.palgraveconnect.com,www.statesmansyearbook.com</comSilverpopBrandeddomains>
<comSilverpopCothost>engage4.silverpop.com</comSilverpopCothost>
</metatags>
<hproduct>
<fn>Faith, Philosophy and the Reflective Muslim</fn>
<photo>http://images3.ehaus2.co.uk/xmla/image-service.asp?k=9781137286352&amp;dbm=macmillan&amp;size=m&amp;source=macmillan</photo>
<url>http://images3.ehaus2.co.uk/xmla/image-service.asp?k=9781137286352&amp;dbm=macmillan&amp;size=l&amp;source=macmillan</url>
</hproduct>
</richSnippet>
</myelement>
<myelement>
<GsearchResultClass>GwebSearch</GsearchResultClass>
<clicktrackUrl>https://www.google.com/url?q=https://www.linkedin.com/in/zainali&amp;sa=U&amp;ved=0CCYQFjANahUKEwj6wo6yt-3IAhWkSXIKHYIQBbQ&amp;client=internal-uds-cse&amp;usg=AFQjCNGom6jUCxuPa1_P4TtGBbDjuv4mzg</clicktrackUrl>
<content>View &lt;b&gt;Zain Ali&amp;#39;s&lt;/b&gt; professional profile on LinkedIn. LinkedIn is the world&amp;#39;s largest 
business network, helping professionals like &lt;b&gt;Zain Ali&lt;/b&gt; discover inside connections
&amp;nbsp;...</content>
<contentNoFormatting>View Zain Ali&apos;s professional profile on LinkedIn. LinkedIn is the world&apos;s largest 
business network, helping professionals like Zain Ali discover inside connections
 ...</contentNoFormatting>
<formattedUrl>https://www.linkedin.com/in/&lt;b&gt;zainali&lt;/b&gt;</formattedUrl>
<title>&lt;b&gt;Zain Ali&lt;/b&gt; | LinkedIn</title>
<titleNoFormatting>Zain Ali | LinkedIn</titleNoFormatting>
<unescapedUrl>https://www.linkedin.com/in/zainali</unescapedUrl>
<url>https://www.linkedin.com/in/zainali</url>
<visibleUrl>www.linkedin.com</visibleUrl>
<richSnippet>
<person>
<location>San Francisco, California</location>
<role>Designer at Instacart</role>
</person>
<cseImage>
<src>https://media.licdn.com/mpr/mpr/shrink_200_200/p/5/000/1f5/032/103c1a4.jpg</src>
<type>1</type>
<width>160</width>
<height>160</height>
</cseImage>
<metatags>
<globaltrackingurl>//www.linkedin.com/mob/tracking</globaltrackingurl>
<globaltrackingappname>profile</globaltrackingappname>
<globaltrackingappid>webTracking</globaltrackingappid>
<lnkdTrackJsonLib>https://static.licdn.com/scds/concat/common/js?h=2jds9coeh4w78ed9wblscv68v-ebbt2vixcc5qz0otts5io08xv&amp;fc=2</lnkdTrackJsonLib>
<treeid>ns6+lS1yERSwoJvp2ioAAA==</treeid>
<appname>profile</appname>
<pageimpressionid>291893d2-6c03-4bd5-9298-72d7cd61a72c</pageimpressionid>
<pagekey>nprofile_v2_public_fs</pagekey>
<analyticsurl>/analytics/noauthtracker</analyticsurl>
<msapplicationTileimage>https://static.licdn.com/scds/common/u/images/logos/linkedin/logo-in-win8-tile-144_v1.png</msapplicationTileimage>
<msapplicationTilecolor>#0077B5</msapplicationTilecolor>
<applicationName>LinkedIn</applicationName>
<remoteNavInitMarker>true</remoteNavInitMarker>
<ogImage>https://media.licdn.com/mpr/mpr/shrink_200_200/p/5/000/1f5/032/103c1a4.jpg</ogImage>
</metatags>
<hcard>
<fn>Zain Ali</fn>
<title>Designer at Instacart</title>
</hcard>
</richSnippet>
</myelement>
<myelement>
<GsearchResultClass>GwebSearch</GsearchResultClass>
<cacheUrl>http://www.google.com/search?q=cache:vMouOXoI9agJ:tune.pk</cacheUrl>
<clicktrackUrl>https://www.google.com/url?q=https://tune.pk/video/97394/maa-song-zain-ali&amp;sa=U&amp;ved=0CCgQFjAOahUKEwj6wo6yt-3IAhWkSXIKHYIQBbQ&amp;client=internal-uds-cse&amp;usg=AFQjCNGCs0HJbmXr9XFi2_bS4iQUK3KrcQ</clicktrackUrl>
<content>maa song &lt;b&gt;zain ali&lt;/b&gt;. ... &lt;b&gt;zain ali&lt;/b&gt; pakistani song -SONU KALSI by anonymousfbfd5 ... 
Sanoon Maar Day Goli, &lt;b&gt;Zain Ali&lt;/b&gt;, New Punjabi, Seraiki, Cultural, Folk 06:37.</content>
<contentNoFormatting>maa song zain ali. ... zain ali pakistani song -SONU KALSI by anonymousfbfd5 ... 
Sanoon Maar Day Goli, Zain Ali, New Punjabi, Seraiki, Cultural, Folk 06:37.</contentNoFormatting>
<formattedUrl>https://tune.pk/video/97394/maa-song-&lt;b&gt;zain&lt;/b&gt;-&lt;b&gt;ali&lt;/b&gt;</formattedUrl>
<title>maa song &lt;b&gt;zain ali&lt;/b&gt; | Tune.pk</title>
<titleNoFormatting>maa song zain ali | Tune.pk</titleNoFormatting>
<unescapedUrl>https://tune.pk/video/97394/maa-song-zain-ali</unescapedUrl>
<url>https://tune.pk/video/97394/maa-song-zain-ali</url>
<visibleUrl>tune.pk</visibleUrl>
<richSnippet>
<videoobject>
<name>maa song zain ali</name>
<duration>PT06M57S</duration>
<thumbnailurl>https://storage4.tunefiles.com/files/thumbs/2013/06/05/137043607049476-big-1.jpg</thumbnailurl>
<contenturl>https://tune.pk/video/97394/maa-song-zain-ali</contenturl>
<embedurl>https://embed.tune.pk/embed?videoid=97394</embedurl>
<uploaddate>2013-06-06T02:42:05+0500</uploaddate>
<height>640</height>
<width>360</width>
</videoobject>
<thumbnail>
<src>https://storage4.tunefiles.com/files/thumbs/2013/06/05/137043607049476-big-1.jpg</src>
</thumbnail>
<cseImage>
<src>https://storage4.tunefiles.com/files/thumbs/2013/06/05/137043607049476-big-1.jpg</src>
<type>1</type>
<width>256</width>
<height>192</height>
</cseImage>
<metatags>
<copyright>Integrated Units, Tune.pk, ClipBucket 2015</copyright>
<author>JAM ZIA</author>
<pDomainVerify>dba9a3dd370f85928012fad5129d42fb</pDomainVerify>
<appleItunesApp>app-id=526724988, app-argument=tune.pk://video/97394</appleItunesApp>
<googlePlayApp>app-id=com.tune.pk</googlePlayApp>
<viewport>width=device-width, initial-scale=1.0</viewport>
<webAuthor>Arslan Hassan - //tune.pk/az</webAuthor>
<rating>0</rating>
<thumbnail>https://storage4.tunefiles.com/files/thumbs/2013/06/05/137043607049476-big-1.jpg</thumbnail>
<distribution>global</distribution>
<ogTitle>maa song zain ali</ogTitle>
<ogDescription>maa song zain ali</ogDescription>
<ogPubdate>2013-06-06 02:42:05</ogPubdate>
<ogImage>https://storage4.tunefiles.com/files/thumbs/2013/06/05/137043607049476-big-1.jpg</ogImage>
<ogAuthor>ZIASAGAR</ogAuthor>
<fbAppId>239452059417627</fbAppId>
<fbAdmins>100000670699643</fbAdmins>
<ogType>video</ogType>
<ogVideo>http://embed.tune.pk/embed?videoid=97394</ogVideo>
<ogVideoSecureUrl>https://embed.tune.pk/embed?videoid=97394</ogVideoSecureUrl>
<ogVideoHeight>360</ogVideoHeight>
<ogVideoWidth>600</ogVideoWidth>
<ogVideoType>application/x-shockwave-flash</ogVideoType>
<twitterPlayer>https://embed.tune.pk/play/97394</twitterPlayer>
<twitterPlayerWidth>600</twitterPlayerWidth>
<twitterPlayerHeight>360</twitterPlayerHeight>
<twitterPlayerStream>https://storage4.tunefiles.com/files/videos/2013/06/05/137043607049476-m.mp4</twitterPlayerStream>
<twitterPlayerStreamContentType>video/mp4; codecs=&quot;avc1.42E01E1, mp4a.40.2&quot;</twitterPlayerStreamContentType>
<twitterAppIdIphone>id526724988</twitterAppIdIphone>
<twitterAppIdGoogleplay>com.tune.pk</twitterAppIdGoogleplay>
<twitterAppIdIpad>id526724988</twitterAppIdIpad>
<twitterAppUrlIphone>https://tune.pk/video/97394/maa-song-zain-ali</twitterAppUrlIphone>
<twitterAppUrlGoogleplay>https://tune.pk/video/97394/maa-song-zain-ali</twitterAppUrlGoogleplay>
<twitterAppUrlIpad>https://tune.pk/video/97394/maa-song-zain-ali</twitterAppUrlIpad>
<twitterCard>player</twitterCard>
<twitterSite>@tunepkofficial</twitterSite>
<twitterUrl>https://tune.pk/video/97394/maa-song-zain-ali</twitterUrl>
<twitterTitle>maa song zain ali</twitterTitle>
<twitterDescription>maa song zain ali</twitterDescription>
<twitterImage>https://storage4.tunefiles.com/files/thumbs/2013/06/05/137043607049476-big-1.jpg</twitterImage>
<videoDuration>417</videoDuration>
<videoDirector>https://tune.pk/user/ZIASAGAR</videoDirector>
<ogUrl>https://tune.pk/video/97394/maa-song-zain-ali</ogUrl>
<ogSiteName>Tune.pk</ogSiteName>
<videoReleaseDate>2013-06-06 02:42:05</videoReleaseDate>
<videoTag>maa</videoTag>
</metatags>
</richSnippet>
</myelement>
<myelement>
<GsearchResultClass>GwebSearch</GsearchResultClass>
<cacheUrl>http://www.google.com/search?q=cache:sXOx737HhHIJ:www.youtube.com</cacheUrl>
<clicktrackUrl>https://www.google.com/url?q=https://www.youtube.com/watch%3Fv%3D2zbA12lSpZs&amp;sa=U&amp;ved=0CCsQFjAPahUKEwj6wo6yt-3IAhWkSXIKHYIQBbQ&amp;client=internal-uds-cse&amp;usg=AFQjCNFMqtaEgEkgGgm3MGMQYA6DW-5GKQ</clicktrackUrl>
<content>Sep 3, 2012 &lt;b&gt;...&lt;/b&gt; mrkhansial ----+923424942607----+923336825609 from okara pakistan.</content>
<contentNoFormatting>Sep 3, 2012 ... mrkhansial ----+923424942607----+923336825609 from okara pakistan.</contentNoFormatting>
<formattedUrl>https://www.youtube.com/watch?v=2zbA12lSpZs</formattedUrl>
<title>&lt;b&gt;zain ali&lt;/b&gt; pakistani song SONU KALSI - YouTube</title>
<titleNoFormatting>zain ali pakistani song SONU KALSI - YouTube</titleNoFormatting>
<unescapedUrl>https://www.youtube.com/watch?v=2zbA12lSpZs</unescapedUrl>
<url>https://www.youtube.com/watch%3Fv%3D2zbA12lSpZs</url>
<visibleUrl>www.youtube.com</visibleUrl>
<richSnippet>
<videoobject>
<url>https://www.youtube.com/watch?v=2zbA12lSpZs</url>
<name>zain ali pakistani song SONU KALSI</name>
<description>mrkhansial ----+923424942607----+923336825609 from okara pakistan</description>
<paid>False</paid>
<channelid>UCtEiqDJXN6Nj8nCuHYa9Hww</channelid>
<videoid>2zbA12lSpZs</videoid>
<duration>PT6M31S</duration>
<unlisted>False</unlisted>
<thumbnailurl>https://i.ytimg.com/vi/2zbA12lSpZs/hqdefault.jpg</thumbnailurl>
<embedurl>https://www.youtube.com/embed/2zbA12lSpZs</embedurl>
<playertype>HTML5 Flash</playertype>
<width>480</width>
<height>360</height>
<isfamilyfriendly>True</isfamilyfriendly>
<regionsallowed>AD,AE,AF,AG,AI,AL,AM,AO,AQ,AR,AS,AT,AU,AW,AX,AZ,BA,BB,BD,BE,BF,BG,BH,BI,BJ,BL,BM,BN,BO,BQ,BR,BS,BT,BV,BW,BY,BZ,CA,CC,CD,CF,CG,CH,CI,CK,CL,CM,CN,CO,CR,CU,CV,CW,CX,CY,CZ,DE,DJ,DK,DM,DO,DZ,EC,EE,EG,EH...</regionsallowed>
<interactioncount>2420</interactioncount>
<datepublished>2012-09-03</datepublished>
<genre>Entertainment</genre>
</videoobject>
<person>
<myelement>
<url>http://www.youtube.com/user/MrKhansial</url>
</myelement>
<myelement>
<url>https://plus.google.com/109794725356871731666</url>
</myelement>
</person>
<cseImage>
<src>https://i.ytimg.com/vi/2zbA12lSpZs/hqdefault.jpg</src>
<type>1</type>
<width>259</width>
<height>194</height>
</cseImage>
<metatags>
<title>zain ali pakistani song SONU KALSI</title>
<ogSiteName>YouTube</ogSiteName>
<ogUrl>https://www.youtube.com/watch?v=2zbA12lSpZs</ogUrl>
<ogTitle>zain ali pakistani song SONU KALSI</ogTitle>
<ogImage>https://i.ytimg.com/vi/2zbA12lSpZs/hqdefault.jpg</ogImage>
<ogDescription>mrkhansial ----+923424942607----+923336825609 from okara pakistan</ogDescription>
<alIosAppStoreId>544007664</alIosAppStoreId>
<alIosAppName>YouTube</alIosAppName>
<alIosUrl>vnd.youtube://www.youtube.com/watch?v=2zbA12lSpZs&amp;feature=applinks</alIosUrl>
<alAndroidUrl>vnd.youtube://www.youtube.com/watch?v=2zbA12lSpZs&amp;feature=applinks</alAndroidUrl>
<alAndroidAppName>YouTube</alAndroidAppName>
<alAndroidPackage>com.google.android.youtube</alAndroidPackage>
<alWebUrl>https://www.youtube.com/watch?v=2zbA12lSpZs&amp;feature=applinks</alWebUrl>
<ogType>video</ogType>
<ogVideoUrl>https://www.youtube.com/embed/2zbA12lSpZs</ogVideoUrl>
<ogVideoSecureUrl>https://www.youtube.com/embed/2zbA12lSpZs</ogVideoSecureUrl>
<ogVideoType>text/html</ogVideoType>
<ogVideoWidth>480</ogVideoWidth>
<ogVideoHeight>360</ogVideoHeight>
<ogVideoTag>Pakistan</ogVideoTag>
<fbAppId>87741124305</fbAppId>
<twitterCard>player</twitterCard>
<twitterSite>@youtube</twitterSite>
<twitterUrl>https://www.youtube.com/watch?v=2zbA12lSpZs</twitterUrl>
<twitterTitle>zain ali pakistani song SONU KALSI</twitterTitle>
<twitterDescription>mrkhansial ----+923424942607----+923336825609 from okara pakistan</twitterDescription>
<twitterImage>https://i.ytimg.com/vi/2zbA12lSpZs/hqdefault.jpg</twitterImage>
<twitterAppNameIphone>YouTube</twitterAppNameIphone>
<twitterAppIdIphone>544007664</twitterAppIdIphone>
<twitterAppNameIpad>YouTube</twitterAppNameIpad>
<twitterAppIdIpad>544007664</twitterAppIdIpad>
<twitterAppUrlIphone>vnd.youtube://www.youtube.com/watch?v=2zbA12lSpZs&amp;feature=applinks</twitterAppUrlIphone>
<twitterAppUrlIpad>vnd.youtube://www.youtube.com/watch?v=2zbA12lSpZs&amp;feature=applinks</twitterAppUrlIpad>
<twitterAppNameGoogleplay>YouTube</twitterAppNameGoogleplay>
<twitterAppIdGoogleplay>com.google.android.youtube</twitterAppIdGoogleplay>
<twitterAppUrlGoogleplay>https://www.youtube.com/watch?v=2zbA12lSpZs</twitterAppUrlGoogleplay>
<twitterPlayer>https://www.youtube.com/embed/2zbA12lSpZs</twitterPlayer>
<twitterPlayerWidth>480</twitterPlayerWidth>
<twitterPlayerHeight>360</twitterPlayerHeight>
</metatags>
<imageobject>
<url>https://i.ytimg.com/vi/2zbA12lSpZs/hqdefault.jpg</url>
<width>480</width>
<height>360</height>
</imageobject>
</richSnippet>
</myelement>
<myelement>
<GsearchResultClass>GwebSearch</GsearchResultClass>
<cacheUrl>http://www.google.com/search?q=cache:uOMp78HCqJgJ:stackoverflow.com</cacheUrl>
<clicktrackUrl>https://www.google.com/url?q=http://stackoverflow.com/users/1803858/zain-ali-mughal&amp;sa=U&amp;ved=0CC0QFjAQahUKEwj6wo6yt-3IAhWkSXIKHYIQBbQ&amp;client=internal-uds-cse&amp;usg=AFQjCNEWrESEBD4m_AO8DNLYZQRkz5jGzQ</clicktrackUrl>
<content>&lt;b&gt;Zain Ali&lt;/b&gt; Mughal. I am IT Professional. I have more than 2 years of experience in 
software development and more than 4 years of experience in the field of&amp;nbsp;...</content>
<contentNoFormatting>Zain Ali Mughal. I am IT Professional. I have more than 2 years of experience in 
software development and more than 4 years of experience in the field of ...</contentNoFormatting>
<formattedUrl>stackoverflow.com/users/1803858/&lt;b&gt;zain&lt;/b&gt;-&lt;b&gt;ali&lt;/b&gt;-mughal</formattedUrl>
<title>User &lt;b&gt;Zain Ali&lt;/b&gt; Mughal - Stack Overflow</title>
<titleNoFormatting>User Zain Ali Mughal - Stack Overflow</titleNoFormatting>
<unescapedUrl>http://stackoverflow.com/users/1803858/zain-ali-mughal</unescapedUrl>
<url>http://stackoverflow.com/users/1803858/zain-ali-mughal</url>
<visibleUrl>stackoverflow.com</visibleUrl>
<richSnippet>
<cseImage>
<src>https://i.stack.imgur.com/I7oIF.jpg?s=328&amp;g=1</src>
<type>1</type>
<width>225</width>
<height>225</height>
</cseImage>
<metatags>
<twitterCard>summary</twitterCard>
<twitterDomain>stackoverflow.com</twitterDomain>
<ogType>website</ogType>
<ogImage>http://cdn.sstatic.net/stackoverflow/img/apple-touch-icon@2.png?v=73d79a89bded&amp;a</ogImage>
<twitterTitle>User Zain Ali Mughal</twitterTitle>
<twitterDescription>Q&amp;A for professional and enthusiast programmers</twitterDescription>
<ogUrl>http://stackoverflow.com/users/1803858/zain-ali-mughal</ogUrl>
</metatags>
</richSnippet>
</myelement>
<myelement>
<GsearchResultClass>GwebSearch</GsearchResultClass>
<cacheUrl>http://www.google.com/search?q=cache:LrJ_lntGKHgJ:tune.pk</cacheUrl>
<clicktrackUrl>https://www.google.com/url?q=http://tune.pk/video/2720579/ni-toon-bhul-gai-ain-zain-ali-new-punjabi-seraiki-cultural-folk-song&amp;sa=U&amp;ved=0CC8QFjARahUKEwj6wo6yt-3IAhWkSXIKHYIQBbQ&amp;client=internal-uds-cse&amp;usg=AFQjCNFZHn3j0yftJ1o_u6UBiA2e_juHQA</clicktrackUrl>
<content>Very Nice &amp;amp; Beautiful Video Song, Pakistani, Seraiki, Punjabi, Hindko, Pashto, 
Urdu, Cultural, Folk, Song. All Songs Of Attaullah Khan Esakhelvi, Talib Hussain
&amp;nbsp;...</content>
<contentNoFormatting>Very Nice &amp; Beautiful Video Song, Pakistani, Seraiki, Punjabi, Hindko, Pashto, 
Urdu, Cultural, Folk, Song. All Songs Of Attaullah Khan Esakhelvi, Talib Hussain
 ...</contentNoFormatting>
<formattedUrl>tune.pk/.../ni-toon-bhul-gai-ain-&lt;b&gt;zain&lt;/b&gt;-&lt;b&gt;ali&lt;/b&gt;-new-punjabi-seraiki-cultural-folk- song</formattedUrl>
<title>Ni Toon Bhul Gai Ain, &lt;b&gt;Zain Ali&lt;/b&gt;, New Punjabi, Seraiki, Cultural, Folk &lt;b&gt;...&lt;/b&gt;</title>
<titleNoFormatting>Ni Toon Bhul Gai Ain, Zain Ali, New Punjabi, Seraiki, Cultural, Folk ...</titleNoFormatting>
<unescapedUrl>http://tune.pk/video/2720579/ni-toon-bhul-gai-ain-zain-ali-new-punjabi-seraiki-cultural-folk-song</unescapedUrl>
<url>http://tune.pk/video/2720579/ni-toon-bhul-gai-ain-zain-ali-new-punjabi-seraiki-cultural-folk-song</url>
<visibleUrl>tune.pk</visibleUrl>
<richSnippet>
<videoobject>
<name>Ni Toon Bhul Gai Ain, Zain Ali, New Punjabi, Seraiki, Cultural, Folk, Song</name>
<duration>PT08M16S</duration>
<thumbnailurl>http://storage18.tunefiles.com/files/thumbs/2014/05/08/1399566869ff92e-original-1.jpg</thumbnailurl>
<contenturl>http://tune.pk/video/2720579/ni-toon-bhul-gai-ain-zain-ali-new-punjabi-seraiki-cultural-folk-song</contenturl>
<embedurl>https://embed.tune.pk/embed?videoid=2720579</embedurl>
<uploaddate>2014-05-08T21:04:32+0500</uploaddate>
<height>640</height>
<width>360</width>
</videoobject>
<thumbnail>
<src>http://storage18.tunefiles.com/files/thumbs/2014/05/08/1399566869ff92e-256x160-1.jpg</src>
</thumbnail>
<cseImage>
<src>http://storage18.tunefiles.com/files/thumbs/2014/05/08/1399566869ff92e-256x160-1.jpg</src>
<type>1</type>
<width>284</width>
<height>177</height>
</cseImage>
<metatags>
<copyright>Integrated Units, Tune.pk, ClipBucket 2015</copyright>
<author>Jason Lee</author>
<pDomainVerify>dba9a3dd370f85928012fad5129d42fb</pDomainVerify>
<appleItunesApp>app-id=526724988, app-argument=tune.pk://video/2720579</appleItunesApp>
<googlePlayApp>app-id=com.tune.pk</googlePlayApp>
<viewport>width=device-width, initial-scale=1.0</viewport>
<webAuthor>Arslan Hassan - //tune.pk/az</webAuthor>
<rating>0</rating>
<thumbnail>http://storage18.tunefiles.com/files/thumbs/2014/05/08/1399566869ff92e-256x160-1.jpg</thumbnail>
<distribution>global</distribution>
<ogTitle>Ni Toon Bhul Gai Ain, Zain Ali, New Punjabi, Seraiki, Cultural, Folk, Song</ogTitle>
<ogDescription>Very Nice &amp; Beautiful Video Song, Pakistani, Seraiki, Punjabi, Hindko, Pashto, Urdu, Cultural, Folk, Song. All Songs Of Attaullah Khan Esakhelvi, Talib Hussain Dard, Mansoor Malangi, Malkoo, Allah Ditta Loonay Wala, Nadeem Abass Loonay Wala, Allah Ditta Panchi, Shafi Wata Khelvi, Gul Tari Khelvi, Akram Rahi, Ejaz Rahi, Shafaullah Khan Rokhri, Atta Muhammad Niazi, Ahmed Nawaz Cheena, Malik Ali Malkoo, Munir Awan, Shakeel Awan, Naeem Hazara, Afshan Zebi, Afshan Zaibi, Tariq Hazara, Anmol Sial, Shahzadi Irum Sial, Ahmed Khan Malang, Basheer Ahmed Choki Bhagat, Alam Lohar, Arif Lohar, Ajmal Sajid, Amjad Nawaz Karloo, Iqbal Khichi, Rizwan Sohna, Wajid Ali Baghdadi, Noor Jahan, Nusrat Fateh Ali Khan, Rahat Fateh Ali Khan, Muhammad Hussain Bandial. Kousar Japani, Yasir Niazi, Zafar Abass Jani, Irshad Hussain Taidi, Mazhar Shahzad Taidi, Hazara Singh Ramta, Shoukat Lohar, Naseebo Laal, Nooran Laal, Nooran Sister, Shahzada Asif, Shamsher Ali Malangi, Inayat Hussain Bhatti, Masood Rana, Naheed Akhtar, Munni Begum, Mali</ogDescription>
<ogPubdate>2014-05-08 21:04:32</ogPubdate>
<ogImage>http://storage18.tunefiles.com/files/thumbs/2014/05/08/1399566869ff92e-original-1.jpg</ogImage>
<ogAuthor>jasonlee</ogAuthor>
<fbAppId>239452059417627</fbAppId>
<fbAdmins>100000670699643</fbAdmins>
<ogType>video</ogType>
<ogVideo>http://embed.tune.pk/embed?videoid=2720579</ogVideo>
<ogVideoSecureUrl>https://embed.tune.pk/embed?videoid=2720579</ogVideoSecureUrl>
<ogVideoHeight>360</ogVideoHeight>
<ogVideoWidth>600</ogVideoWidth>
<ogVideoType>application/x-shockwave-flash</ogVideoType>
<twitterPlayer>https://embed.tune.pk/play/2720579</twitterPlayer>
<twitterPlayerWidth>600</twitterPlayerWidth>
<twitterPlayerHeight>360</twitterPlayerHeight>
<twitterPlayerStream>http://storage18.tunefiles.com/files/videos/2014/05/08/1399566869ff92e-240.mp4</twitterPlayerStream>
<twitterPlayerStreamContentType>video/mp4; codecs=&quot;avc1.42E01E1, mp4a.40.2&quot;</twitterPlayerStreamContentType>
<twitterAppIdIphone>id526724988</twitterAppIdIphone>
<twitterAppIdGoogleplay>com.tune.pk</twitterAppIdGoogleplay>
<twitterAppIdIpad>id526724988</twitterAppIdIpad>
<twitterAppUrlIphone>http://tune.pk/video/2720579/ni-toon-bhul-gai-ain-zain-ali-new-punjabi-seraiki-cultural-folk-song</twitterAppUrlIphone>
<twitterAppUrlGoogleplay>http://tune.pk/video/2720579/ni-toon-bhul-gai-ain-zain-ali-new-punjabi-seraiki-cultural-folk-song</twitterAppUrlGoogleplay>
<twitterAppUrlIpad>http://tune.pk/video/2720579/ni-toon-bhul-gai-ain-zain-ali-new-punjabi-seraiki-cultural-folk-song</twitterAppUrlIpad>
<twitterCard>player</twitterCard>
<twitterSite>@tunepkofficial</twitterSite>
<twitterUrl>http://tune.pk/video/2720579/ni-toon-bhul-gai-ain-zain-ali-new-punjabi-seraiki-cultural-folk-song</twitterUrl>
<twitterTitle>Ni Toon Bhul Gai Ain, Zain Ali, New Punjabi, Seraiki, Cultural, Folk, Song</twitterTitle>
<twitterDescription>Very Nice &amp; Beautiful Video Song, Pakistani, Seraiki, Punjabi, Hindko, Pashto, Urdu, Cultural, Folk, Song. All Songs Of Attaullah Khan Esakhelvi, Talib Hussain Dard, Mansoor Malangi, Malkoo, Allah Ditta Loonay Wala, Nadeem Abass Loonay Wala, Allah Ditta Panchi, Shafi Wata Khelvi, Gul Tari Khelvi, Akram Rahi, Ejaz Rahi, Shafaullah Khan Rokhri, Atta Muhammad Niazi, Ahmed Nawaz Cheena, Malik Ali Malkoo, Munir Awan, Shakeel Awan, Naeem Hazara, Afshan Zebi, Afshan Zaibi, Tariq Hazara, Anmol Sial, Shahzadi Irum Sial, Ahmed Khan Malang, Basheer Ahmed Choki Bhagat, Alam Lohar, Arif Lohar, Ajmal Sajid, Amjad Nawaz Karloo, Iqbal Khichi, Rizwan Sohna, Wajid Ali Baghdadi, Noor Jahan, Nusrat Fateh Ali Khan, Rahat Fateh Ali Khan, Muhammad Hussain Bandial. Kousar Japani, Yasir Niazi, Zafar Abass Jani, Irshad Hussain Taidi, Mazhar Shahzad Taidi, Hazara Singh Ramta, Shoukat Lohar, Naseebo Laal, Nooran Laal, Nooran Sister, Shahzada Asif, Shamsher Ali Malangi, Inayat Hussain Bhatti, Masood Rana, Naheed Akhtar, Munni Begum, Mali</twitterDescription>
<twitterImage>http://storage18.tunefiles.com/files/thumbs/2014/05/08/1399566869ff92e-640x480-1.jpg</twitterImage>
<videoDuration>496</videoDuration>
<videoDirector>http://tune.pk/user/jasonlee</videoDirector>
<ogUrl>http://tune.pk/video/2720579/ni-toon-bhul-gai-ain-zain-ali-new-punjabi-seraiki-cultural-folk-song</ogUrl>
<ogSiteName>Tune.pk</ogSiteName>
<videoReleaseDate>2014-05-08 21:04:32</videoReleaseDate>
<videoTag>toon,bhul,gai,ain,zain,ali,new,punjabi,seraiki,cultural,folk,song</videoTag>
</metatags>
</richSnippet>
</myelement>
<myelement>
<GsearchResultClass>GwebSearch</GsearchResultClass>
<cacheUrl>http://www.google.com/search?q=cache:_1v44wBcQHkJ:saraikisongsfreedownload.blogspot.com</cacheUrl>
<clicktrackUrl>https://www.google.com/url?q=http://saraikisongsfreedownload.blogspot.com/2014/07/zain-ali.html&amp;sa=U&amp;ved=0CDEQFjASahUKEwj6wo6yt-3IAhWkSXIKHYIQBbQ&amp;client=internal-uds-cse&amp;usg=AFQjCNHug5wtygVB6AzigLffJtFXrnZO2A</clicktrackUrl>
<content>&lt;b&gt;Zain Ali&lt;/b&gt;. &lt;b&gt;Zain Ali&lt;/b&gt; Mp3 Songs. Click on The Song To View ... Zahid Ali Khan 
Saraiki Mp3 Audio Songs Free Download: &amp;middot; Linkwithin &amp;middot; Email ThisBlogThis!
Share to&amp;nbsp;...</content>
<contentNoFormatting>Zain Ali. Zain Ali Mp3 Songs. Click on The Song To View ... Zahid Ali Khan 
Saraiki Mp3 Audio Songs Free Download: · Linkwithin · Email ThisBlogThis!
Share to ...</contentNoFormatting>
<formattedUrl>saraikisongsfreedownload.blogspot.com/2014/07/&lt;b&gt;zain&lt;/b&gt;-&lt;b&gt;ali&lt;/b&gt;.html</formattedUrl>
<title>&lt;b&gt;Zain Ali&lt;/b&gt; | Saraiki Songs Free Download</title>
<titleNoFormatting>Zain Ali | Saraiki Songs Free Download</titleNoFormatting>
<unescapedUrl>http://saraikisongsfreedownload.blogspot.com/2014/07/zain-ali.html</unescapedUrl>
<url>http://saraikisongsfreedownload.blogspot.com/2014/07/zain-ali.html</url>
<visibleUrl>saraikisongsfreedownload.blogspot.com</visibleUrl>
<richSnippet>
<cseImage>
<src>http://2.bp.blogspot.com/-5obP__LnHV8/T6zBXvmavRI/AAAAAAAAALc/RtaP9BFRmbw/s1600/Zain+Ali+Songs.bmp</src>
<type>1</type>
<width>102</width>
<height>102</height>
</cseImage>
<blogposting>
<name>Zain Ali</name>
<articlebody>Zain Ali Mp3 Songs Click on The Song To View &apos;&apos;Download&apos;&apos; Page Albums:- 01. Boliyan.mp3 02. Dard Judian Da.mp3 03. Ishq De Pani.mp3 04. Merey Hat Wich Terey.mp3 05. Munho Mangi Mot.mp3 06....</articlebody>
</blogposting>
</richSnippet>
</myelement>
<myelement>
<GsearchResultClass>GwebSearch</GsearchResultClass>
<cacheUrl>http://www.google.com/search?q=cache:G_62Cuz95jAJ:www.imdb.com</cacheUrl>
<clicktrackUrl>https://www.google.com/url?q=http://www.imdb.com/name/nm2714285/&amp;sa=U&amp;ved=0CDMQFjATahUKEwj6wo6yt-3IAhWkSXIKHYIQBbQ&amp;client=internal-uds-cse&amp;usg=AFQjCNGs_LII1Z3UjEqqPFfR2CM0Jjzy_g</clicktrackUrl>
<content>&lt;b&gt;Zain Ali&lt;/b&gt;, Actor: Nightmare at Hathershaw. &lt;b&gt;Zain Ali&lt;/b&gt; is an actor, known for 
Nightmare at Hathershaw (2010) and Arctic Tale (2007).</content>
<contentNoFormatting>Zain Ali, Actor: Nightmare at Hathershaw. Zain Ali is an actor, known for 
Nightmare at Hathershaw (2010) and Arctic Tale (2007).</contentNoFormatting>
<formattedUrl>www.imdb.com/name/nm2714285/</formattedUrl>
<title>&lt;b&gt;Zain Ali&lt;/b&gt; - IMDb</title>
<titleNoFormatting>Zain Ali - IMDb</titleNoFormatting>
<unescapedUrl>http://www.imdb.com/name/nm2714285/</unescapedUrl>
<url>http://www.imdb.com/name/nm2714285/</url>
<visibleUrl>www.imdb.com</visibleUrl>
<richSnippet>
<person>
<myelement>
<role>Actor</role>
</myelement>
<myelement>
<name>Zain Ali</name>
<jobtitle>Actor</jobtitle>
<description>Zain Ali is an actor, known for Nightmare at Hathershaw (2010) and Arctic Tale (2007). See full bio »</description>
<image>http://ia.media-imdb.com/images/M/MV5BMTc0Nzg5NTQ4NV5BMl5BanBnXkFtZTgwODc4NzI0NDE@._V1_SX700_CR0,0,700,393_AL_.jpg</image>
<url>http://www.imdb.com/video/user/vi3091568921?ref_=nm_demo_1</url>
</myelement>
</person>
<cseImage>
<src>http://ia.media-imdb.com/images/G/01/imdb/images/logos/imdb_fb_logo-1730868325._CB306318125_.png</src>
</cseImage>
<metatags>
<ogUrl>http://www.imdb.com/name/nm2714285/</ogUrl>
<themeColor>#000000</themeColor>
<ogImage>http://ia.media-imdb.com/images/G/01/imdb/images/logos/imdb_fb_logo-1730868325._CB306318125_.png</ogImage>
<ogType>actor</ogType>
<fbAppId>115109575169727</fbAppId>
<ogTitle>Zain Ali</ogTitle>
<ogSiteName>IMDb</ogSiteName>
<title>Zain Ali - IMDb</title>
<ogDescription>Zain Ali, Actor: Nightmare at Hathershaw. Zain Ali is an actor, known for Nightmare at Hathershaw (2010) and Arctic Tale (2007).</ogDescription>
<requestId>0Y51C3M84RBC2W1HG1HB</requestId>
</metatags>
<hcard>
<fn>Zain Ali</fn>
<title>Actor</title>
<url>http://www.imdb.com/video/user/vi4067727897?ref_=nm_demo_2</url>
<photo>http://ia.media-imdb.com/images/M/MV5BMTcyNTgxMDMyNF5BMl5BanBnXkFtZTcwNTkxOTQ0NA@@._V1_SP229,229,0,C,0,0,0_CR45,62,139,105_PIimdb-blackband-204-14,TopLeft,0,0_PIimdb-blackband-204-28,BottomLeft,0,1_CR0,0,139,105_PIimdb-bluebutton-big,BottomRight,-1,-1_ZA03:00,103,1,14,36,verdenab,7,255,255,255,1_.jpg</photo>
</hcard>
</richSnippet>
</myelement>
</myroot>